,gene_id,row_coverage,row_mean,row_median,region_coverage,region_mean,region_median,tstatistic,pvalue,comparison_mode
0,FBgn0000370,352792,-1.7077763536672018e-05,-1.0346821597786267e-16,7980,0.0042054263769193976,1.908930592563048e-16,8.029914442967941,5.573945862240424e-16,Imp_to_Syp
0,FBgn0000370,487410,-1.574512328928898e-05,-9.247673073034106e-17,7980,0.004205426376919397,1.908930592563048e-16,8.027380167852087,5.68932138786137e-16,Syp_to_Imp
