,gene_id,row_coverage,row_mean,row_median,region_coverage,region_mean,region_median,tstatistic,pvalue,comparison_mode
0,FBgn0010113,20353020,-1.990705681533956e-06,-0.008993891384388959,48514,0.13832647027571415,0.12268540972185342,244.97876648749224,0.0,Imp_to_Syp
0,FBgn0010113,15304830,-2.052484444330589e-06,-0.008855077344261053,48514,0.13832647027571413,0.12268540972185342,244.97887589726224,0.0,Syp_to_Imp
