,gene_id,row_coverage,row_mean,row_median,region_coverage,region_mean,region_median,tstatistic,pvalue,comparison_mode
0,FBgn0015766,174174,-6.590782510032371e-05,-3.6394398513932775e-16,7315,0.036309575410135665,0.0010440726582972293,30.03020758336128,3.059580529252332e-187,Imp_to_Syp
0,FBgn0015766,214890,-6.827137201142798e-05,-3.639532827782292e-16,7315,0.036309575410135665,0.0010440726582972293,30.032158837284545,2.9038984498398977e-187,Syp_to_Imp
