,gene_id,row_coverage,row_mean,row_median,region_coverage,region_mean,region_median,tstatistic,pvalue,comparison_mode
0,FBgn0027339,14432880,-5.863902146655047e-06,-0.0034481726795020234,160176,0.03270917834705976,-0.03713321640066458,110.40632468980742,0.0,Imp_to_Syp
0,FBgn0027339,12738880,-6.6805129028701945e-06,-1.1139961706309584e-16,160176,0.03270917834705976,-0.03713321640066458,110.40908057780563,0.0,Syp_to_Imp
