,gene_id,row_coverage,row_mean,row_median,region_coverage,region_mean,region_median,tstatistic,pvalue,comparison_mode
0,FBgn0263392,30402280,-1.9175639050544133e-06,-0.00839204545046375,49545,0.08774627838433254,0.06589758512535382,173.85582490920703,0.0,Imp_to_Syp
0,FBgn0263392,11183400,-1.4375084268823217e-06,-0.009341267352200297,49545,0.08774627838433254,0.06589758512535382,173.85487377351404,0.0,Syp_to_Imp
