,gene_id,row_coverage,row_mean,row_median,region_coverage,region_mean,region_median,tstatistic,pvalue,comparison_mode
0,FBgn0003891,57300,-0.00011986966754544603,-2.375999747851488e-16,4200,0.007462965940155467,-1.6175524535464855e-16,6.002014537382551,1.0566852708382136e-09,Imp_to_Syp
0,FBgn0003891,42784,-0.00015790619929640333,-6.619163553261876e-16,4200,0.007462965940155468,-1.6175524535464855e-16,6.032121456262477,8.788102384705301e-10,Syp_to_Imp
