,gene_id,row_coverage,row_mean,row_median,region_coverage,region_mean,region_median,tstatistic,pvalue,comparison_mode
0,FBgn0086675,6270069,-2.2012809219061407e-06,0.0,34860,0.00978979724936212,0.0,30.243927424325012,1.1564089682764752e-198,Imp_to_Syp
0,FBgn0086675,3525340,-3.123548696278948e-06,0.0,34860,0.009789797249362124,0.0,30.246775974551788,1.0631919091543809e-198,Syp_to_Imp
