,gene_id,row_coverage,row_mean,row_median,region_coverage,region_mean,region_median,tstatistic,pvalue,comparison_mode
0,FBgn0051522,1134375,-4.223695634487272e-06,-3.3524963627788036e-17,1950,0.0015288467520659223,-1.608585802448172e-16,2.369535311312578,0.008953687500691745,Imp_to_Syp
0,FBgn0051522,393250,-1.7352290214360283e-06,-9.438188080050649e-19,1950,0.0015288467520659223,-1.608585802448172e-16,2.365689102210125,0.009046964395004528,Syp_to_Imp
