,gene_id,row_coverage,row_mean,row_median,region_coverage,region_mean,region_median,tstatistic,pvalue,comparison_mode
0,FBgn0266446,6027,-0.00088972144405911,-6.039157833068093e-17,2352,0.002213741748918753,-3.609373949978335e-17,1.9221975284835033,0.02735081363065463,Imp_to_Syp
0,FBgn0266446,5904,-0.0008877829080715233,-6.019382113142276e-17,2352,0.002213741748918753,-3.609373949978335e-17,1.920996853994227,0.02742645397860967,Syp_to_Imp
