,gene_id,row_coverage,row_mean,row_median,region_coverage,region_mean,region_median,tstatistic,pvalue,comparison_mode
0,FBgn0264270,9408420,-1.2766382655215558e-05,-0.011866651354842772,70490,0.010823499471031253,-0.00441062430709821,33.45459064563725,9.024742895358818e-244,Imp_to_Syp
0,FBgn0264270,1499688,-1.3660961951918655e-05,-0.012350049229438359,70490,0.010823499471031249,-0.00441062430709821,33.45735246272215,8.239452618420294e-244,Syp_to_Imp
