,gene_id,row_coverage,row_mean,row_median,region_coverage,region_mean,region_median,tstatistic,pvalue,comparison_mode
0,FBgn0264895,64660,-0.00010841863077592692,0.0,1537,0.007271501765984014,0.0,3.8364446712390388,6.494178795959815e-05,Imp_to_Syp
0,FBgn0264895,35380,-9.266656240207971e-05,0.0,1537,0.007271501765984014,0.0,3.828255973322951,6.711916265088242e-05,Syp_to_Imp
