,gene_id,row_coverage,row_mean,row_median,region_coverage,region_mean,region_median,tstatistic,pvalue,comparison_mode
0,FBgn0035246,858284,-9.171141073117677e-05,-2.583750787941113e-16,44092,-0.002213774104681724,-2.3940228431503483e-16,-6.70175279267847,0.9999999999895797,Imp_to_Syp
0,FBgn0035246,103733,-7.04995719726293e-05,-1.8674778911672303e-16,44092,-0.0022137741046817246,-2.3940228431503483e-16,-6.768742566375164,0.9999999999934236,Syp_to_Imp
