,gene_id,row_coverage,row_mean,row_median,region_coverage,region_mean,region_median,tstatistic,pvalue,comparison_mode
0,FBgn0263006,1698986,-3.5732928716410934e-05,-9.679328633151474e-17,10634,0.02258720932238652,0.026492372688623672,24.17487554775923,4.8648268466501376e-126,Imp_to_Syp
0,FBgn0263006,108004,-2.9674211377845973e-05,-0.006782380680412009,10634,0.022587209322386524,0.026492372688623672,24.16840120255634,5.644199271515963e-126,Syp_to_Imp
