,gene_id,row_coverage,row_mean,row_median,region_coverage,region_mean,region_median,tstatistic,pvalue,comparison_mode
0,FBgn0267378,192654,-0.0001769848714269998,-0.008372906065950043,5940,-0.0013797535592888876,-1.6692655584035786e-16,-1.4550102509712215,0.9271403629827909,Imp_to_Syp
0,FBgn0267378,29190,-7.587002422343816e-05,-1.1936901994985535e-16,5940,-0.0013797535592888878,-1.6692655584035786e-16,-1.5773306444860427,0.942613638001966,Syp_to_Imp
