,gene_id,row_coverage,row_mean,row_median,region_coverage,region_mean,region_median,tstatistic,pvalue,comparison_mode
0,FBgn0033802,260361,-1.089622591361719e-05,-0.008030990083854161,702,0.13925015141895344,0.16884317971963322,29.892283929770926,1.595141397723675e-127,Imp_to_Syp
0,FBgn0033802,250718,-1.2504502414455275e-05,-0.007918874978781066,702,0.13925015141895344,0.16884317971963322,29.892629145167582,1.5879132693023127e-127,Syp_to_Imp
