,gene_id,row_coverage,row_mean,row_median,region_coverage,region_mean,region_median,tstatistic,pvalue,comparison_mode
0,FBgn0286778,1290168,-4.621474136569535e-05,-0.0059293696848066735,43164,2.8385399327876064e-05,-0.00873392733788051,0.20442085369443985,0.4190127995882376,Imp_to_Syp
0,FBgn0286778,355122,-4.6213233947149074e-05,-0.0016293746711545515,43164,2.8385399327876806e-05,-0.00873392733788051,0.20441672303485817,0.4190144133997491,Syp_to_Imp
