,gene_id,row_coverage,row_mean,row_median,region_coverage,region_mean,region_median,tstatistic,pvalue,comparison_mode
0,FBgn0015320,84208,-8.951133534280436e-05,-8.648046878674469e-17,17784,0.0026394134353498926,-5.549280925091456e-17,4.921648324799283,4.32932401595574e-07,Imp_to_Syp
0,FBgn0015320,259272,-0.00011157886822114231,-2.220446049250318e-16,17784,0.002639413435349894,-5.549280925091456e-17,4.961447383164517,3.530797043914527e-07,Syp_to_Imp
