,gene_id,row_coverage,row_mean,row_median,region_coverage,region_mean,region_median,tstatistic,pvalue,comparison_mode
0,FBgn0262734,2866791,-4.5841165161043306e-05,-0.0009518689252417112,354501,-0.00011006589517690226,-3.153933612213094e-16,-0.43520126257856706,0.6682916944200439,Imp_to_Syp
0,FBgn0262734,1030659,-4.509283572807716e-05,-3.166292556029424e-16,354501,-0.00011006589517690172,-3.153933612213094e-16,-0.4402721116731592,0.6701298473505903,Syp_to_Imp
