,gene_id,row_coverage,row_mean,row_median,region_coverage,region_mean,region_median,tstatistic,pvalue,comparison_mode
0,FBgn0026077,755568,-3.750994805602705e-05,-0.003877232847645018,34662,0.024645338412480896,0.005561172781512372,43.82915441595114,0.0,Imp_to_Syp
0,FBgn0026077,1035936,-3.583517217539379e-05,-0.002503497146774586,34662,0.024645338412480896,0.005561172781512372,43.82618052859372,0.0,Syp_to_Imp
