,gene_id,row_coverage,row_mean,row_median,region_coverage,region_mean,region_median,tstatistic,pvalue,comparison_mode
0,FBgn0030086,100620,-0.0003888766072995744,-0.005737906908191745,17082,0.0002615844158422709,-0.00514379298675996,0.900537875477987,0.18392338736510389,Imp_to_Syp
0,FBgn0030086,31390,-0.00048465656201994586,-0.0052490606497940795,17082,0.0002615844158422712,-0.00514379298675996,1.033141481026312,0.1507761604154261,Syp_to_Imp
