,gene_id,row_coverage,row_mean,row_median,region_coverage,region_mean,region_median,tstatistic,pvalue,comparison_mode
0,FBgn0286818,124200,-0.00016193770892519678,0.0,15456,0.00043781605227303486,0.0,1.1766230120121846,0.1196820652169439,Imp_to_Syp
0,FBgn0286818,25200,-0.0002063326864045469,0.0,15456,0.00043781605227303496,0.0,1.2637190095689232,0.10317498023380649,Syp_to_Imp
