,gene_id,row_coverage,row_mean,row_median,region_coverage,region_mean,region_median,tstatistic,pvalue,comparison_mode
0,FBgn0017418,920732,-1.2284230690287251e-05,-1.0406148381883036e-16,11490,-0.028990791393544654,2.2042216893588577e-16,-82.9053595072199,1.0,Imp_to_Syp
0,FBgn0017418,72120,-4.7421556153243635e-05,2.2742643169842984e-16,11490,-0.028990791393544654,2.2042216893588577e-16,-82.80483422538748,1.0,Syp_to_Imp
