,gene_id,row_coverage,row_mean,row_median,region_coverage,region_mean,region_median,tstatistic,pvalue,comparison_mode
0,FBgn0265935,218566,-0.00010421196415351313,-0.001071399735331574,6180,0.007482113311170729,-1.0238232034054903e-16,7.132050470982809,5.509083598201068e-13,Imp_to_Syp
0,FBgn0265935,31830,-0.00010747143358744563,-1.7142970857948652e-16,6180,0.00748211331117073,-1.0238232034054903e-16,7.135114760960862,5.388714487645325e-13,Syp_to_Imp
