,gene_id,row_coverage,row_mean,row_median,region_coverage,region_mean,region_median,tstatistic,pvalue,comparison_mode
0,FBgn0027066,29820,-0.00024335514423370287,-0.009316813750627484,6972,0.0012652841810194498,-0.01415495914171179,1.1179009020999777,0.13182392169211826,Imp_to_Syp
0,FBgn0027066,265185,-0.00020835335848171956,-0.008927709168319392,6972,0.0012652841810194483,-0.01415495914171179,1.0919645982980812,0.1374431996482174,Syp_to_Imp
