,gene_id,row_coverage,row_mean,row_median,region_coverage,region_mean,region_median,tstatistic,pvalue,comparison_mode
0,FBgn0038984,52560,-0.0001701328134420319,-0.006581014556950232,1944,0.00024191785175195775,-0.007145353680058988,0.23601319306308305,0.4067236537934871,Imp_to_Syp
0,FBgn0038984,19710,-0.00022114135173149067,-0.007133830832461035,1944,0.00024191785175195775,-0.007145353680058988,0.2652297166901181,0.3954303194662605,Syp_to_Imp
