,gene_id,row_coverage,row_mean,row_median,region_coverage,region_mean,region_median,tstatistic,pvalue,comparison_mode
0,FBgn0267727,30144,-0.00015893729764436315,-0.004265894167308132,1248,-0.0016621718301079226,-1.6898654832994191e-16,-1.0990720331824266,0.8640256034844003,Imp_to_Syp
0,FBgn0267727,16328,-0.00010558647814031138,-9.256235437209784e-17,1248,-0.001662171830107923,-1.6898654832994191e-16,-1.1380788497489485,0.8723469171408151,Syp_to_Imp
