,gene_id,row_coverage,row_mean,row_median,region_coverage,region_mean,region_median,tstatistic,pvalue,comparison_mode
0,FBgn0262739,3411240,-2.236556767089502e-05,-2.5158690216744373e-16,133920,-0.0036067474507450598,-2.4681920655356845e-16,-20.87814101804544,1.0,Imp_to_Syp
0,FBgn0262739,825300,-2.0586887090620686e-05,-1.3625131769109456e-16,133920,-0.0036067474507450598,-2.4681920655356845e-16,-20.888501394030044,1.0,Syp_to_Imp
