,gene_id,row_coverage,row_mean,row_median,region_coverage,region_mean,region_median,tstatistic,pvalue,comparison_mode
0,FBgn0052423,1182988,-1.5959684119776176e-05,-2.796006085498664e-16,14952,0.002016617371062059,-4.440892098500646e-16,3.43869548512426,0.0002930588855833668,Imp_to_Syp
0,FBgn0052423,558264,-1.851251861792768e-05,-3.5570005073516894e-16,14952,0.0020166173710620596,-4.440892098500646e-16,3.4430143474476758,0.0002884221710874777,Syp_to_Imp
