,gene_id,row_coverage,row_mean,row_median,region_coverage,region_mean,region_median,tstatistic,pvalue,comparison_mode
0,FBgn0086680,280368,-2.2998348142044557e-05,-1.3788335181670828e-16,2772,-0.01734143978510693,-0.011946897603847175,-16.786223337990155,1.0,Imp_to_Syp
0,FBgn0086680,79296,-5.102622699965504e-05,-0.013900894559653931,2772,-0.01734143978510693,-0.011946897603847175,-16.759056792091304,1.0,Syp_to_Imp
