,gene_id,row_coverage,row_mean,row_median,region_coverage,region_mean,region_median,tstatistic,pvalue,comparison_mode
0,FBgn0263391,6107808,-8.03976099682033e-06,-4.2444500444378176e-17,37088,0.0011975861909072332,1.199094566960688e-18,3.3339198779107897,0.00042857581982138374,Imp_to_Syp
0,FBgn0263391,951216,-1.213813050752676e-05,-2.304776549197936e-16,37088,0.0011975861909072328,1.199094566960688e-18,3.3452531073897895,0.0004114451163205752,Syp_to_Imp
