,gene_id,row_coverage,row_mean,row_median,region_coverage,region_mean,region_median,tstatistic,pvalue,comparison_mode
0,FBgn0003137,67280,-0.0001101032157532148,-8.279961456537041e-17,3915,-0.0006560087923702831,-1.4684479751870277e-16,-1.6388785507310037,0.9493405365763686,Imp_to_Syp
0,FBgn0003137,12528,-3.110238002657611e-05,-8.117992457333961e-17,3915,-0.0006560087923702831,-1.4684479751870277e-16,-1.8760491910540862,0.9696385553915035,Syp_to_Imp
