,gene_id,row_coverage,row_mean,row_median,region_coverage,region_mean,region_median,tstatistic,pvalue,comparison_mode
0,FBgn0000636,1771750,-1.1933203997168749e-05,-0.005902447373464917,3375,0.013460379412861594,-0.006784248568964241,8.908324664223844,4.148904943223915e-19,Imp_to_Syp
0,FBgn0000636,382698,-9.483496859990777e-06,-0.011677661054127327,3375,0.013460379412861594,-0.006784248568964241,8.906704839392662,4.2085361828989576e-19,Syp_to_Imp
