,gene_id,row_coverage,row_mean,row_median,region_coverage,region_mean,region_median,tstatistic,pvalue,comparison_mode
0,FBgn0020255,356259,-0.00021676868019348275,-0.000749141557366384,45147,0.00017586347945140317,-1.335949724244935e-16,1.018717010885877,0.15417139669093619,Imp_to_Syp
0,FBgn0020255,80497,-0.00017397810102244066,-1.6249009670111034e-16,45147,0.00017586347945140317,-1.335949724244935e-16,0.9076932706333578,0.182022572637888,Syp_to_Imp
