,gene_id,row_coverage,row_mean,row_median,region_coverage,region_mean,region_median,tstatistic,pvalue,comparison_mode
0,FBgn0014368,3640,-0.002116602058720902,-0.011839674487496912,780,-0.0030588366771835203,-0.01333647142426407,-0.23282389408270715,0.5920203420865353,Imp_to_Syp
0,FBgn0014368,4200,-0.001777330895366984,-0.014705422022076049,780,-0.003058836677183519,-0.01333647142426407,-0.3166569775358629,0.6242056333055886,Syp_to_Imp
