,gene_id,row_coverage,row_mean,row_median,region_coverage,region_mean,region_median,tstatistic,pvalue,comparison_mode
0,FBgn0020238,1596972,-5.4657678991451546e-05,-2.641192970584134e-16,71306,0.002825973216414678,-2.7225917250272493e-16,9.157598466497268,2.7210254945625853e-20,Imp_to_Syp
0,FBgn0020238,228462,-5.812262040581703e-05,-0.008622269456713058,71306,0.002825973216414676,-2.7225917250272493e-16,9.168613602880507,2.457196426797853e-20,Syp_to_Imp
