,gene_id,row_coverage,row_mean,row_median,region_coverage,region_mean,region_median,tstatistic,pvalue,comparison_mode
0,FBgn0000043,59040,-0.0004208647916249907,-0.007547949184412469,23124,0.0009967609448022503,-0.007389062487186918,2.4242061008782634,0.007674755685107447,Imp_to_Syp
0,FBgn0000043,50760,-0.00042900464929240405,-0.007188570471949436,23124,0.00099676094480225,-0.007389062487186918,2.4381256369804754,0.0073855595863080836,Syp_to_Imp
