,gene_id,row_coverage,row_mean,row_median,region_coverage,region_mean,region_median,tstatistic,pvalue,comparison_mode
0,FBgn0004108,170170,-0.00015831254414840464,-0.004789871359661482,15708,0.0032153534427124962,-2.5686652101248656e-16,5.202086117778141,9.977044359341918e-08,Imp_to_Syp
0,FBgn0004108,112710,-0.00016329512194923032,-0.0008805891811970862,15708,0.0032153534427124954,-2.5686652101248656e-16,5.209769094963601,9.573304184237678e-08,Syp_to_Imp
