,gene_id,row_coverage,row_mean,row_median,region_coverage,region_mean,region_median,tstatistic,pvalue,comparison_mode
0,FBgn0004363,66664,-0.00022622943718526148,-2.867806023535217e-16,2912,0.00919373861807352,-9.530227802627462e-17,8.43375309344836,2.5976535362911808e-17,Imp_to_Syp
0,FBgn0004363,17948,-0.0001416206235979893,-1.0111071828981173e-16,2912,0.00919373861807352,-9.530227802627462e-17,8.358002322411902,4.8750752386704595e-17,Syp_to_Imp
