,gene_id,row_coverage,row_mean,row_median,region_coverage,region_mean,region_median,tstatistic,pvalue,comparison_mode
0,FBgn0034802,572616,-7.856571719804763e-05,-9.038690344055315e-17,11484,-0.004063487251489025,-1.2133786088280148e-16,-6.609807597889043,0.999999999979907,Imp_to_Syp
0,FBgn0034802,41934,-7.232149933199101e-05,-2.2204460492503175e-16,11484,-0.004063487251489024,-1.2133786088280148e-16,-6.620164910658886,0.9999999999812607,Syp_to_Imp
