,gene_id,row_coverage,row_mean,row_median,region_coverage,region_mean,region_median,tstatistic,pvalue,comparison_mode
0,FBgn0053129,184800,-0.00023694046466436703,-0.00018953338051595076,33792,0.0003186841409614537,-0.00806914253849634,1.0726521223698693,0.14171744482019924,Imp_to_Syp
0,FBgn0053129,89600,-0.00026923829412925707,-0.003981318352204187,33792,0.0003186841409614535,-0.00806914253849634,1.1350041762074294,0.1281908096736704,Syp_to_Imp
