,gene_id,row_coverage,row_mean,row_median,region_coverage,region_mean,region_median,tstatistic,pvalue,comparison_mode
0,FBgn0027108,1214890,-3.3632506265294836e-05,-1.5967558431947627e-16,25420,0.0042659756544330095,-1.0319319624326347e-16,10.325188443545255,3.0365710920526657e-25,Imp_to_Syp
0,FBgn0027108,321358,-2.5471116235266052e-05,-1.578863758571465e-16,25420,0.0042659756544330095,-1.0319319624326347e-16,10.305589473855042,3.7207120941751522e-25,Syp_to_Imp
