,gene_id,row_coverage,row_mean,row_median,region_coverage,region_mean,region_median,tstatistic,pvalue,comparison_mode
0,FBgn0027329,32238,-0.00029213301883452403,-1.0019395905179874e-16,4860,-0.0009576170300538473,-1.4253578900056502e-16,-0.5720557591804045,0.7163446683190613,Imp_to_Syp
0,FBgn0027329,5970,-0.0004164445117143363,-1.4333792891825442e-16,4860,-0.0009576170300538472,-1.4253578900056502e-16,-0.46519653456294974,0.6790942164230622,Syp_to_Imp
