,gene_id,row_coverage,row_mean,row_median,region_coverage,region_mean,region_median,tstatistic,pvalue,comparison_mode
0,FBgn0261618,1713360,-5.348456981304272e-05,-0.006620364296959169,19116,0.003002460535407876,-0.01046548950081988,5.087478584863505,1.8314482475641894e-07,Imp_to_Syp
0,FBgn0261618,65340,-4.983154852817326e-05,-0.0105307285744203,19116,0.0030024605354078754,-0.01046548950081988,5.081397105348354,1.8909932901100343e-07,Syp_to_Imp
