,gene_id,row_coverage,row_mean,row_median,region_coverage,region_mean,region_median,tstatistic,pvalue,comparison_mode
0,FBgn0029903,1445120,-8.207476982951603e-05,-0.004612810404196435,65280,0.0013131040074816998,-0.005731790455401065,4.0369512122943565,2.710602488025305e-05,Imp_to_Syp
0,FBgn0029903,230316,-8.368993191969917e-05,-0.002066163023895312,65280,0.0013131040074817006,-0.005731790455401065,4.041624685446369,2.6571458751723397e-05,Syp_to_Imp
