,gene_id,row_coverage,row_mean,row_median,region_coverage,region_mean,region_median,tstatistic,pvalue,comparison_mode
0,FBgn0263594,367092,-0.0001274936903047327,-0.0014042330391218771,101772,-3.282537933899991e-07,-2.9838790624401934e-16,0.5807536376669417,0.2807038959288374,Imp_to_Syp
0,FBgn0263594,238239,-0.00013275671733010817,-2.6337018190717867e-16,101772,-3.2825379338998163e-07,-2.9838790624401934e-16,0.6047894305205571,0.27266013286459645,Syp_to_Imp
