,gene_id,row_coverage,row_mean,row_median,region_coverage,region_mean,region_median,tstatistic,pvalue,comparison_mode
0,FBgn0011760,4291200,-5.767752635072693e-05,-0.013047844460954652,91200,0.00655818689885938,-0.008053210597387395,19.993498048705277,4.8656430526968866e-89,Imp_to_Syp
0,FBgn0011760,271776,-6.0326861330102306e-05,-0.009115499979970632,91200,0.006558186898859382,-0.008053210597387395,20.001504481475983,4.147030719839852e-89,Syp_to_Imp
