,gene_id,row_coverage,row_mean,row_median,region_coverage,region_mean,region_median,tstatistic,pvalue,comparison_mode
0,FBgn0011305,59218,-0.00016697333802313,-0.0036390454907384018,1740,-0.015218605121624729,-0.021556082976083524,-6.86734204001731,0.9999999999954631,Imp_to_Syp
0,FBgn0011305,30630,-0.00025060011187603244,-0.01409489023146215,1740,-0.015218605121624729,-0.021556082976083524,-6.8291871297718485,0.999999999994118,Syp_to_Imp
