,gene_id,row_coverage,row_mean,row_median,region_coverage,region_mean,region_median,tstatistic,pvalue,comparison_mode
0,FBgn0038294,1055844,-1.9856540219225e-05,-0.016643686221093114,16680,0.09182230347996749,0.08015606938200959,112.61713081226365,0.0,Imp_to_Syp
0,FBgn0038294,911520,-1.6400431090879033e-05,-0.016643686221093114,16680,0.0918223034799675,0.08015606938200959,112.61289292093225,0.0,Syp_to_Imp
