,gene_id,row_coverage,row_mean,row_median,region_coverage,region_mean,region_median,tstatistic,pvalue,comparison_mode
0,FBgn0052521,14000376,-4.10536089357162e-06,-0.013772338959042174,9360,0.06842223731329548,0.031775074759992375,47.338895900975864,0.0,Imp_to_Syp
0,FBgn0052521,1346190,-4.651143291518777e-06,-0.013997105069782162,9360,0.06842223731329547,0.031775074759992375,47.33927348561813,0.0,Syp_to_Imp
