,gene_id,row_coverage,row_mean,row_median,region_coverage,region_mean,region_median,tstatistic,pvalue,comparison_mode
0,FBgn0027527,326109,-0.00011980733064019433,-0.0047081257307772795,9646,-0.002496179790500739,-0.011343294273902765,-3.5633578643922452,0.9998160454199587,Imp_to_Syp
0,FBgn0027527,22854,-0.0001608772199090325,-0.006453253960477613,9646,-0.00249617979050074,-0.011343294273902765,-3.501773783871291,0.9997678685554566,Syp_to_Imp
