,gene_id,row_coverage,row_mean,row_median,region_coverage,region_mean,region_median,tstatistic,pvalue,comparison_mode
0,FBgn0011217,379431,-0.00017945348128149235,-0.010730146348427956,27027,0.0001714761694755598,-0.011157202438650635,0.6311920834694236,0.26396013778536276,Imp_to_Syp
0,FBgn0011217,83237,-0.00015995066260469226,-0.008524434935933106,27027,0.00017147616947555953,-0.011157202438650635,0.5961137572932801,0.27555211335836693,Syp_to_Imp
