,gene_id,row_coverage,row_mean,row_median,region_coverage,region_mean,region_median,tstatistic,pvalue,comparison_mode
0,FBgn0010379,754020,-5.291338943225049e-05,-0.0010835673566153559,16225,0.007787589038325015,-7.059655363716287e-17,11.288266448747214,9.654926188689897e-30,Imp_to_Syp
0,FBgn0010379,140580,-6.0602918452529214e-05,-0.001297159446351226,16225,0.007787589038325014,-7.059655363716287e-17,11.299337353098824,8.520313762939236e-30,Syp_to_Imp
