,gene_id,row_coverage,row_mean,row_median,region_coverage,region_mean,region_median,tstatistic,pvalue,comparison_mode
0,FBgn0014870,440815,-4.447133603206919e-05,-0.009330275314603405,3406,-0.008314200270915685,-0.0017210873947862762,-8.35037059309821,0.9999999999999999,Imp_to_Syp
0,FBgn0014870,87490,-2.5869054484297088e-05,-1.5630324541393445e-16,3406,-0.008314200270915685,-0.0017210873947862762,-8.36915427343697,0.9999999999999999,Syp_to_Imp
