,gene_id,row_coverage,row_mean,row_median,region_coverage,region_mean,region_median,tstatistic,pvalue,comparison_mode
0,FBgn0001235,85136630,-1.1439122706521338e-06,-2.3651496155329795e-16,64310,-7.498912057162462e-05,-9.981629734538059e-17,-0.34752291892809106,0.635900179660828,Imp_to_Syp
0,FBgn0001235,4608313,-1.0481086627096608e-06,-1.4271987066020834e-16,64310,-7.498912057162492e-05,-9.981629734538059e-17,-0.3479737802668582,0.6360694931683619,Syp_to_Imp
