,gene_id,row_coverage,row_mean,row_median,region_coverage,region_mean,region_median,tstatistic,pvalue,comparison_mode
0,FBgn0263993,2263303,-1.8691618455922858e-05,-0.016824818474002412,16589,-0.005036485616732895,-0.03750539775993425,-7.4426122890326445,0.9999999999999483,Imp_to_Syp
0,FBgn0263993,383243,-2.62324339747623e-05,-0.0076184208107508145,16589,-0.005036485616732898,-0.03750539775993425,-7.4314274204889985,0.9999999999999437,Syp_to_Imp
