,gene_id,row_coverage,row_mean,row_median,region_coverage,region_mean,region_median,tstatistic,pvalue,comparison_mode
0,FBgn0015778,2629368,-3.835344382792726e-05,-1.2591571750664508e-16,143856,-0.00044128113170261384,-1.2340305043615135e-16,-2.4753179398763248,0.9933435479422442,Imp_to_Syp
0,FBgn0015778,479682,-2.662752087809112e-05,-1.1544057345776668e-16,143856,-0.0004412811317026138,-1.2340305043615135e-16,-2.5473541595574196,0.9945723237062071,Syp_to_Imp
