,gene_id,row_coverage,row_mean,row_median,region_coverage,region_mean,region_median,tstatistic,pvalue,comparison_mode
0,FBgn0026250,431876,-0.00014824659363977123,-0.002075062029768593,74740,0.0030055443896286624,-1.248749977668452e-16,10.101627739106991,2.8147483585459564e-24,Imp_to_Syp
0,FBgn0026250,197765,-0.000145413293912146,-1.873564613476273e-16,74740,0.003005544389628663,-1.248749977668452e-16,10.09255264843877,3.0871884294718e-24,Syp_to_Imp
