,gene_id,row_coverage,row_mean,row_median,region_coverage,region_mean,region_median,tstatistic,pvalue,comparison_mode
0,FBgn0267385,14045,-0.00030271391229651055,-8.530030410243566e-17,1378,0.0004757792992487963,-8.505284262553718e-17,0.4987520848020569,0.3090168535986232,Imp_to_Syp
0,FBgn0267385,6890,-0.00021146212050805583,-8.527119098750642e-17,1378,0.0004757792992487963,-8.505284262553718e-17,0.4402904043128029,0.3298979462429667,Syp_to_Imp
