,gene_id,row_coverage,row_mean,row_median,region_coverage,region_mean,region_median,tstatistic,pvalue,comparison_mode
0,FBgn0035844,24012,-0.00026385268414894,-0.006927771815985383,2117,-0.03159815429617769,-4.1193449096086744e-17,-21.309095562529432,1.0,Imp_to_Syp
0,FBgn0035844,60444,-0.00013756868192697197,-2.160564979366373e-17,2117,-0.03159815429617769,-4.1193449096086744e-17,-21.3949758194021,1.0,Syp_to_Imp
