,gene_id,row_coverage,row_mean,row_median,region_coverage,region_mean,region_median,tstatistic,pvalue,comparison_mode
0,FBgn0000575,331800,-9.869169419455539e-05,-6.237146224267406e-17,23800,0.0005890069891172935,-7.562015845872401e-18,1.5758536264012606,0.05753641603455274,Imp_to_Syp
0,FBgn0000575,100725,-8.81170910564493e-05,-3.107771977032031e-17,23800,0.0005890069891172933,-7.562015845872401e-18,1.5516220448855191,0.060382991126184636,Syp_to_Imp
