,gene_id,row_coverage,row_mean,row_median,region_coverage,region_mean,region_median,tstatistic,pvalue,comparison_mode
0,FBgn0032297,206298,-0.00014301787086872252,-0.00783692498750363,3796,0.001898073561816299,-1.2508695048852251e-17,1.710385700938165,0.04363815332789589,Imp_to_Syp
0,FBgn0032297,36738,-9.065052050555574e-05,-1.1042912454529166e-16,3796,0.0018980735618163,-1.2508695048852251e-17,1.6665031164429904,0.04784788515444097,Syp_to_Imp
