,gene_id,row_coverage,row_mean,row_median,region_coverage,region_mean,region_median,tstatistic,pvalue,comparison_mode
0,FBgn0038826,8058102,-2.4514774708572578e-05,-0.011238665328038702,2841358,0.010258564125387564,-0.0007477256190323162,215.50692487297889,0.0,Imp_to_Syp
0,FBgn0038826,12770196,-2.2867397519325033e-05,-0.010208874682884195,2841358,0.010258564125387566,-0.0007477256190323162,215.47240007786561,0.0,Syp_to_Imp
