,gene_id,row_coverage,row_mean,row_median,region_coverage,region_mean,region_median,tstatistic,pvalue,comparison_mode
0,FBgn0264078,11099850,-1.8060650959550179e-06,-0.004964916982657108,4200,0.016317532307808778,-1.44851442817926e-16,14.977033512948216,9.60891816021385e-50,Imp_to_Syp
0,FBgn0264078,2071972,-9.865883577388239e-07,-0.008390727297141048,4200,0.01631753230780878,-1.44851442817926e-16,14.97628144014411,9.712670309171936e-50,Syp_to_Imp
