,gene_id,row_coverage,row_mean,row_median,region_coverage,region_mean,region_median,tstatistic,pvalue,comparison_mode
0,FBgn0032586,31408,-0.000311925115848847,-0.0069324456056691075,3068,0.01162535281635281,-9.728091198171166e-17,6.780616287621497,7.148715266188816e-12,Imp_to_Syp
0,FBgn0032586,35636,-0.0003048862502245123,-0.00859106668599582,3068,0.01162535281635281,-9.728091198171166e-17,6.776618069001656,7.34627129532295e-12,Syp_to_Imp
