,gene_id,row_coverage,row_mean,row_median,region_coverage,region_mean,region_median,tstatistic,pvalue,comparison_mode
0,FBgn0038947,81864,-0.00015193818155820581,-2.8990788149228393e-16,11556,0.0008234907672172821,-1.610074562455589e-16,1.6589769286954088,0.04857379041169274,Imp_to_Syp
0,FBgn0038947,81106,-9.740792701667024e-05,-1.7207806565563406e-16,11556,0.0008234907672172816,-1.610074562455589e-16,1.5662336957681295,0.05866065015729158,Syp_to_Imp
