,gene_id,row_coverage,row_mean,row_median,region_coverage,region_mean,region_median,tstatistic,pvalue,comparison_mode
0,FBgn0002772,49600,-0.00016615539241238118,-0.016271612502601673,5250,-0.030986648556913115,-0.052430797217066685,-25.70941527295729,1.0,Imp_to_Syp
0,FBgn0002772,104160,-0.00021794387714366771,-0.029681712939093344,5250,-0.030986648556913115,-0.052430797217066685,-25.666215066743607,1.0,Syp_to_Imp
