,gene_id,row_coverage,row_mean,row_median,region_coverage,region_mean,region_median,tstatistic,pvalue,comparison_mode
0,FBgn0010341,427392,-0.00011696982469401059,-0.008852039411758938,15900,0.0078344937075722,-0.0022831742471911727,10.739953759195396,4.083268056129738e-27,Imp_to_Syp
0,FBgn0010341,67200,-0.0001407643278869892,-0.010056144126759411,15900,0.0078344937075722,-0.0022831742471911727,10.772092731219681,2.8886537388955835e-27,Syp_to_Imp
