,gene_id,row_coverage,row_mean,row_median,region_coverage,region_mean,region_median,tstatistic,pvalue,comparison_mode
0,FBgn0004638,396856,-9.92361261139277e-05,-3.8842661816366183e-16,6102,-0.001973875300095359,-0.014922113497605416,-1.6446190118044064,0.9499500387683206,Imp_to_Syp
0,FBgn0004638,47412,-9.095349636321551e-05,-0.006612051307616593,6102,-0.00197387530009536,-0.014922113497605416,-1.6518853543330487,0.9506953074042725,Syp_to_Imp
