,gene_id,row_coverage,row_mean,row_median,region_coverage,region_mean,region_median,tstatistic,pvalue,comparison_mode
0,FBgn0000611,624022,-6.50088341294995e-05,0.0,21924,0.0010034739367730254,0.0,2.4657900044689107,0.006839372209896396,Imp_to_Syp
0,FBgn0000611,82998,-5.008174792076898e-05,0.0,21924,0.0010034739367730256,0.0,2.4313420367789473,0.007525481926903165,Syp_to_Imp
