,gene_id,row_coverage,row_mean,row_median,region_coverage,region_mean,region_median,tstatistic,pvalue,comparison_mode
0,FBgn0046214,13413,-0.000668867513643787,0.0,2754,-0.0007033695326212882,0.0,-0.020468895944767137,0.5081645961739227,Imp_to_Syp
0,FBgn0046214,14202,-0.0005944897199993362,0.0,2754,-0.0007033695326212876,0.0,-0.06459475767194281,0.5257493257206459,Syp_to_Imp
