,gene_id,row_coverage,row_mean,row_median,region_coverage,region_mean,region_median,tstatistic,pvalue,comparison_mode
0,FBgn0022238,448578,-0.0001279440660576732,-3.9960850352766785e-31,56658,0.020224552373429003,0.013514332178895125,75.70013189421104,0.0,Imp_to_Syp
0,FBgn0022238,140049,-0.0001349837821008989,4.075142551965469e-18,56658,0.020224552373429,0.013514332178895125,75.72631577954198,0.0,Syp_to_Imp
