,gene_id,row_coverage,row_mean,row_median,region_coverage,region_mean,region_median,tstatistic,pvalue,comparison_mode
0,FBgn0004103,419558,-8.637640339878753e-05,-8.623572716492993e-17,10136,0.0027074145829486247,-1.1290522794146216e-16,3.73981298837084,9.258595815235903e-05,Imp_to_Syp
0,FBgn0004103,32452,-0.00010000221971871625,-2.2204460492503175e-16,10136,0.0027074145829486247,-1.1290522794146216e-16,3.7580527225168248,8.610089680044492e-05,Syp_to_Imp
