,gene_id,row_coverage,row_mean,row_median,region_coverage,region_mean,region_median,tstatistic,pvalue,comparison_mode
0,FBgn0022893,274983,-0.0001543410355625479,-0.014877586289256506,56871,0.004658214861427501,-0.011543840734016653,11.259726886264643,1.1140452885274944e-29,Imp_to_Syp
0,FBgn0022893,344697,-0.00016286221420385067,-0.011705219102971946,56871,0.004658214861427501,-0.011543840734016653,11.279663515844394,8.887675261825628e-30,Syp_to_Imp
