,gene_id,row_coverage,row_mean,row_median,region_coverage,region_mean,region_median,tstatistic,pvalue,comparison_mode
0,FBgn0020443,670565,-7.89089505315431e-05,-3.571935050471486e-16,11339,-0.0004983791105166292,-0.0006044673278026158,-0.548802047075676,0.7084239440252378,Imp_to_Syp
0,FBgn0020443,49735,-8.800984303064172e-05,-3.803695553846376e-16,11339,-0.0004983791105166298,-0.0006044673278026158,-0.5368951490167099,0.7043247114845126,Syp_to_Imp
