,gene_id,row_coverage,row_mean,row_median,region_coverage,region_mean,region_median,tstatistic,pvalue,comparison_mode
0,FBgn0003891,44072,-0.00024304315147136266,-0.009236362293853412,1512,0.04476084909257782,0.04984391354295231,22.851441394446894,8.159568757615726e-100,Imp_to_Syp
0,FBgn0003891,21249,-0.0002147782808962657,-0.009446105145857475,1512,0.04476084909257782,0.04984391354295231,22.837089457286307,1.0416069744022699e-99,Syp_to_Imp
