,gene_id,row_coverage,row_mean,row_median,region_coverage,region_mean,region_median,tstatistic,pvalue,comparison_mode
0,FBgn0003392,233360,-5.654713087172948e-05,-0.02109875147534776,2080,-0.011638823925900633,-0.022837822806289564,-7.427246358849909,0.9999999999999195,Imp_to_Syp
0,FBgn0003392,75842,-4.4287367877047975e-05,-0.014416456662290966,2080,-0.011638823925900635,-0.022837822806289564,-7.435108049748341,0.9999999999999241,Syp_to_Imp
