,gene_id,row_coverage,row_mean,row_median,region_coverage,region_mean,region_median,tstatistic,pvalue,comparison_mode
0,FBgn0053113,323400,-4.241036586513326e-05,0.0,12936,-0.00345259973204084,0.0,-7.32008481318119,0.9999999999998688,Imp_to_Syp
0,FBgn0053113,78400,-9.818574073090914e-05,0.0,12936,-0.003452599732040839,0.0,-7.200361117320184,0.9999999999996831,Syp_to_Imp
