,gene_id,row_coverage,row_mean,row_median,region_coverage,region_mean,region_median,tstatistic,pvalue,comparison_mode
0,FBgn0000416,98331,-0.0003135704716122534,-3.621422945863229e-16,10950,-0.0004553106033989327,-4.440892098500642e-16,-0.19266718939719382,0.5763884028019728,Imp_to_Syp
0,FBgn0000416,22450,-0.0003607804612554824,-0.0009351766267635675,10950,-0.00045531060339893304,-4.440892098500642e-16,-0.12849470767747306,0.5511200769138794,Syp_to_Imp
