,gene_id,row_coverage,row_mean,row_median,region_coverage,region_mean,region_median,tstatistic,pvalue,comparison_mode
0,FBgn0027339,9668406,-1.9109552352048952e-05,-0.009543566190289218,1294468,-0.0016754417783690489,-0.011039250095302697,-23.24184692788765,1.0,Imp_to_Syp
0,FBgn0027339,10084998,-2.0182788492212e-05,-0.008247367841692554,1294468,-0.0016754417783690478,-0.011039250095302697,-23.226787153226887,1.0,Syp_to_Imp
