,gene_id,row_coverage,row_mean,row_median,region_coverage,region_mean,region_median,tstatistic,pvalue,comparison_mode
0,FBgn0262582,188955,-5.650685044723795e-05,-0.009682447077233869,1653,-0.01511678989287388,-0.006835904203494725,-9.287535535141357,1.0,Imp_to_Syp
0,FBgn0262582,96135,-3.5954348645496264e-05,-1.3899139613958014e-16,1653,-0.01511678989287388,-0.006835904203494725,-9.300210070558917,1.0,Syp_to_Imp
