,gene_id,row_coverage,row_mean,row_median,region_coverage,region_mean,region_median,tstatistic,pvalue,comparison_mode
0,FBgn0016797,558271,-4.639526051553358e-05,-0.010149580875992117,12283,0.07124273865643493,0.08245944415073125,108.03679131537699,0.0,Imp_to_Syp
0,FBgn0016797,229117,-4.174937337741918e-05,-0.010875635555793961,12283,0.07124273865643493,0.08245944415073125,108.02975059666379,0.0,Syp_to_Imp
