,gene_id,row_coverage,row_mean,row_median,region_coverage,region_mean,region_median,tstatistic,pvalue,comparison_mode
0,FBgn0022987,325892,-4.705029118306439e-05,-0.018424000503439085,3277,-0.009666699581656673,-0.02300110154754048,-7.248311610513415,0.999999999999738,Imp_to_Syp
0,FBgn0022987,83636,-4.722804980743019e-05,-0.006727579846301235,3277,-0.009666699581656675,-0.02300110154754048,-7.248177671129352,0.9999999999997378,Syp_to_Imp
