,gene_id,row_coverage,row_mean,row_median,region_coverage,region_mean,region_median,tstatistic,pvalue,comparison_mode
0,FBgn0033159,342116,-3.516476045893729e-05,-2.310194191572505e-16,7068,0.007438678695217136,-2.738625412411262e-16,8.85561110920078,5.192856633477363e-19,Imp_to_Syp
0,FBgn0033159,157263,-4.415687292493701e-05,-5.122425035629804e-16,7068,0.0074386786952171345,-2.738625412411262e-16,8.866265687600947,4.724451220077714e-19,Syp_to_Imp
