,gene_id,row_coverage,row_mean,row_median,region_coverage,region_mean,region_median,tstatistic,pvalue,comparison_mode
0,FBgn0030791,86550,-3.6110807327038905e-05,0.0,1300,-0.0009385449180232574,0.0,-0.5177318946264794,0.6976332509950474,Imp_to_Syp
0,FBgn0030791,45006,-3.8377262470656167e-05,0.0,1300,-0.0009385449180232577,0.0,-0.5164316156347141,0.6971795550858189,Syp_to_Imp
