,gene_id,row_coverage,row_mean,row_median,region_coverage,region_mean,region_median,tstatistic,pvalue,comparison_mode
0,FBgn0013981,15876,-0.0010308626035318404,-0.012756266837573055,4284,0.0043164669375284825,-0.008592028447070368,3.7440561956780263,9.172509346981082e-05,Imp_to_Syp
0,FBgn0013981,9639,-0.0009727967096416234,-0.015677353138599137,4284,0.004316466937528483,-0.008592028447070368,3.7034000198975936,0.00010770443947896498,Syp_to_Imp
