,gene_id,row_coverage,row_mean,row_median,region_coverage,region_mean,region_median,tstatistic,pvalue,comparison_mode
0,FBgn0265434,208638,-0.00013065448489198525,-2.274759830702092e-16,6030,0.01195069841852918,-2.1443658896512514e-16,10.050368927682975,7.011508515650994e-24,Imp_to_Syp
0,FBgn0265434,31140,-0.00018196799622686,-3.653440561613481e-16,6030,0.01195069841852918,-2.1443658896512514e-16,10.093056176703264,4.57517402392777e-24,Syp_to_Imp
