,gene_id,row_coverage,row_mean,row_median,region_coverage,region_mean,region_median,tstatistic,pvalue,comparison_mode
0,FBgn0285926,27287200,-1.82737154606724e-05,-0.006741122040965608,1577912,-0.00018935881765186192,-1.3946301659643695e-16,-2.781351155302496,0.9972933105116194,Imp_to_Syp
0,FBgn0285926,4894400,-1.662503219269431e-05,-1.560539053079597e-16,1577912,-0.00018935881765186092,-1.3946301659643695e-16,-2.808153998176515,0.9975086497419001,Syp_to_Imp
