,gene_id,row_coverage,row_mean,row_median,region_coverage,region_mean,region_median,tstatistic,pvalue,comparison_mode
0,FBgn0003435,8064500,-1.0106688941022647e-05,-0.007477167410148213,114935,-0.0009701667196743853,-2.1763302612191033e-16,-4.584793954704278,0.9999977254392888,Imp_to_Syp
0,FBgn0003435,2298700,-9.834453729281258e-06,-1.8826068466609382e-16,114935,-0.0009701667196743853,-2.1763302612191033e-16,-4.586094021692898,0.9999977395468207,Syp_to_Imp
