,gene_id,row_coverage,row_mean,row_median,region_coverage,region_mean,region_median,tstatistic,pvalue,comparison_mode
0,FBgn0052767,519350,-3.647878732513349e-05,-0.012688929289449202,4845,-0.015874877179620807,-0.021426693495357065,-13.22634888511304,1.0,Imp_to_Syp
0,FBgn0052767,348270,-2.676550249505639e-05,-0.008445418580309179,4845,-0.01587487717962081,-0.021426693495357065,-13.23446026675663,1.0,Syp_to_Imp
