,gene_id,row_coverage,row_mean,row_median,region_coverage,region_mean,region_median,tstatistic,pvalue,comparison_mode
0,FBgn0028734,995316,-4.184743746992487e-05,-3.175006860414837e-16,10710,-0.013226740284225663,-0.020237034633356188,-17.023411872513822,1.0,Imp_to_Syp
0,FBgn0028734,83640,-6.308821201588485e-05,-6.621640026097545e-16,10710,-0.013226740284225663,-0.020237034633356188,-16.995987269387367,1.0,Syp_to_Imp
