,gene_id,row_coverage,row_mean,row_median,region_coverage,region_mean,region_median,tstatistic,pvalue,comparison_mode
0,FBgn0004656,2850309,-1.3659551866315413e-05,-0.009289834562703103,6699,0.00965755131237218,0.00540307123174133,9.26610413333308,1.2762117015383956e-20,Imp_to_Syp
0,FBgn0004656,357831,-1.6553358015030042e-05,-0.005255881811817409,6699,0.00965755131237218,0.00540307123174133,9.268876724014028,1.2438826234965522e-20,Syp_to_Imp
