,gene_id,row_coverage,row_mean,row_median,region_coverage,region_mean,region_median,tstatistic,pvalue,comparison_mode
0,FBgn0027835,931052,-5.437396334773238e-05,-4.6755637250269974e-17,16440,0.0001735941064997429,-2.0995205398197038e-17,0.4004601272132004,0.3444114248465463,Imp_to_Syp
0,FBgn0027835,50970,-7.760527383186486e-05,-8.052754296393053e-17,16440,0.0001735941064997429,-2.0995205398197038e-17,0.4412694105397183,0.3295118860378605,Syp_to_Imp
