,gene_id,row_coverage,row_mean,row_median,region_coverage,region_mean,region_median,tstatistic,pvalue,comparison_mode
0,FBgn0035499,69666,-0.0001394242131600537,-2.985768817368135e-17,7446,-0.0003647239720843549,4.737402027760926e-17,-0.22344811478620416,0.5884035544002738,Imp_to_Syp
0,FBgn0035499,49859,-0.0001846492245434971,4.592147933178881e-17,7446,-0.0003647239720843559,4.737402027760926e-17,-0.17859478878593013,0.5708696269540243,Syp_to_Imp
