,gene_id,row_coverage,row_mean,row_median,region_coverage,region_mean,region_median,tstatistic,pvalue,comparison_mode
0,FBgn0004636,629136,-0.0001265079307153759,-0.010855498864160623,10608,-0.004380246002445339,-0.017700112953785527,-4.9349265275033085,0.9999995930012242,Imp_to_Syp
0,FBgn0004636,40092,-0.00015978606029151663,-0.013880269573356335,10608,-0.004380246002445338,-0.017700112953785527,-4.896319278617341,0.9999995045590495,Syp_to_Imp
