,gene_id,row_coverage,row_mean,row_median,region_coverage,region_mean,region_median,tstatistic,pvalue,comparison_mode
0,FBgn0011666,4490460,-1.1660278095555456e-05,-1.8936776710708526e-16,46215,-0.009873240057252344,-2.9514073186027686e-16,-34.33956179943805,1.0,Imp_to_Syp
0,FBgn0011666,606404,-1.3292761783597912e-05,-2.9437269104707943e-16,46215,-0.009873240057252345,-2.9514073186027686e-16,-34.333877236138115,1.0,Syp_to_Imp
