,gene_id,row_coverage,row_mean,row_median,region_coverage,region_mean,region_median,tstatistic,pvalue,comparison_mode
0,FBgn0000308,513162,-0.00014443779816240363,-0.009349711670470592,102492,0.012735040532516909,-4.079615936645589e-16,41.762947555957346,0.0,Imp_to_Syp
0,FBgn0000308,426904,-0.00016286290899293802,-0.005495094432195643,102492,0.012735040532516909,-4.079615936645589e-16,41.82269275041103,0.0,Syp_to_Imp
