,gene_id,row_coverage,row_mean,row_median,region_coverage,region_mean,region_median,tstatistic,pvalue,comparison_mode
0,FBgn0002645,731394,-0.0001017840360309336,-0.011197105766552515,188666,0.0012571438900279648,-0.011296111501336359,6.705296403347726,1.0078039375924603e-11,Imp_to_Syp
0,FBgn0002645,1076661,-9.676590867561588e-05,-0.011516048981706217,188666,0.0012571438900279652,-0.011296111501336359,6.680535685239051,1.1936371988755805e-11,Syp_to_Imp
