,gene_id,row_coverage,row_mean,row_median,region_coverage,region_mean,region_median,tstatistic,pvalue,comparison_mode
0,FBgn0035397,1005712,-8.865571586848068e-05,-0.011059951965892434,50190,0.0034725558199865565,-0.010357992247311182,10.104691112742717,2.7760238479254806e-24,Imp_to_Syp
0,FBgn0035397,220920,-7.837756778670583e-05,-0.012714390042369265,50190,0.003472555819986556,-0.010357992247311182,10.075527579340752,3.734139647258392e-24,Syp_to_Imp
