,gene_id,row_coverage,row_mean,row_median,region_coverage,region_mean,region_median,tstatistic,pvalue,comparison_mode
0,FBgn0250788,74730,-0.00011453793511258717,-0.0008138932887939987,1378,-0.018796090796918925,-0.03445953376804972,-9.760604899750392,1.0,Imp_to_Syp
0,FBgn0250788,36660,-0.00010805818042413853,-0.00038805683373032557,1378,-0.018796090796918928,-0.03445953376804972,-9.763990395904225,1.0,Syp_to_Imp
