,gene_id,row_coverage,row_mean,row_median,region_coverage,region_mean,region_median,tstatistic,pvalue,comparison_mode
0,FBgn0017572,204108,-0.00012928782322410142,-1.2553000942404727e-16,11826,0.002012568526862024,-0.0047074130350440516,3.235694524047942,0.0006084048251498272,Imp_to_Syp
0,FBgn0017572,50328,-0.00013827556500978008,-1.6337013154325508e-16,11826,0.002012568526862024,-0.0047074130350440516,3.249272272564227,0.0005801195090659162,Syp_to_Imp
