,gene_id,row_coverage,row_mean,row_median,region_coverage,region_mean,region_median,tstatistic,pvalue,comparison_mode
0,FBgn0001942,126369,-0.00023180636239292576,-0.011607947852781408,13680,0.015283849588267938,9.480629615248037e-05,18.074064944656033,1.7601015929645933e-72,Imp_to_Syp
0,FBgn0001942,59120,-0.0002517095549326144,-0.012709389720731032,13680,0.015283849588267938,9.480629615248037e-05,18.09725001628383,1.1671938955111792e-72,Syp_to_Imp
