,gene_id,row_coverage,row_mean,row_median,region_coverage,region_mean,region_median,tstatistic,pvalue,comparison_mode
0,FBgn0031268,61254,-0.00048128320713631065,-0.015561499692943626,3444,0.03776707817259861,0.0016144570138577202,15.995330935450037,6.620228770240864e-56,Imp_to_Syp
0,FBgn0031268,13944,-0.00038594074088530627,-0.01812543433679374,3444,0.037767078172598605,0.0016144570138577202,15.955459049573774,1.2006476983310539e-55,Syp_to_Imp
