,gene_id,row_coverage,row_mean,row_median,region_coverage,region_mean,region_median,tstatistic,pvalue,comparison_mode
0,FBgn0261444,1400817,-1.7827385700040154e-05,-0.0033493497020049,12031,0.01506449032979637,2.398910161854296e-16,28.60823932443017,1.669237665489586e-174,Imp_to_Syp
0,FBgn0261444,327063,-1.1201180060986732e-05,-1.771402371824337e-16,12031,0.01506449032979637,2.398910161854296e-16,28.595670694043864,2.338185671611381e-174,Syp_to_Imp
