,gene_id,row_coverage,row_mean,row_median,region_coverage,region_mean,region_median,tstatistic,pvalue,comparison_mode
0,FBgn0037416,24168,-0.0002294683620182294,-6.354752824236342e-17,1378,-0.0035616034688261784,-1.195746130621473e-16,-2.1044930111783615,0.9822418428135513,Imp_to_Syp
0,FBgn0037416,11856,-0.0002701448746646382,-1.5182312433445356e-16,1378,-0.0035616034688261797,-1.195746130621473e-16,-2.0788027453759415,0.9810898760267583,Syp_to_Imp
