,gene_id,row_coverage,row_mean,row_median,region_coverage,region_mean,region_median,tstatistic,pvalue,comparison_mode
0,FBgn0052296,63017,-4.758707565022064e-05,-0.002709657936500776,2233,0.0010707132808828884,-6.946127421240656e-17,0.8471080453969027,0.19851286026950382,Imp_to_Syp
0,FBgn0052296,167321,-4.4466376100927255e-05,-1.3508264150000884e-16,2233,0.0010707132808828886,-6.946127421240656e-17,0.8447441279752287,0.1991721258338785,Syp_to_Imp
