,gene_id,row_coverage,row_mean,row_median,region_coverage,region_mean,region_median,tstatistic,pvalue,comparison_mode
0,FBgn0020279,1535896,-3.491245729667394e-05,-2.2052158687001232e-16,13560,0.004717672257215629,-0.0005111384097569623,8.0269240400428,5.406289237311096e-16,Imp_to_Syp
0,FBgn0020279,101940,-2.6539800057798916e-05,-3.246835831209867e-16,13560,0.004717672257215627,-0.0005111384097569623,8.01278295940839,6.062612813382942e-16,Syp_to_Imp
