,gene_id,row_coverage,row_mean,row_median,region_coverage,region_mean,region_median,tstatistic,pvalue,comparison_mode
0,FBgn0001145,104710,-0.00032524890159125845,-0.0002104326999905204,4810,0.007401262733882032,-1.2144257958386915e-18,5.326248813018065,5.241600237292578e-08,Imp_to_Syp
0,FBgn0001145,14716,-0.0003991865992815564,-0.006116700020390248,4810,0.007401262733882032,-1.2144257958386915e-18,5.377217554558841,3.961310108664766e-08,Syp_to_Imp
