,gene_id,row_coverage,row_mean,row_median,region_coverage,region_mean,region_median,tstatistic,pvalue,comparison_mode
0,FBgn0005671,197985,-6.531893287636918e-05,-4.5184216603505884e-17,10638,0.00231343839061498,-7.14632541413829e-17,3.5787477113608954,0.00017339034448441416,Imp_to_Syp
0,FBgn0005671,54270,-7.189165406011002e-05,-5.748765503801491e-17,10638,0.0023134383906149806,-7.14632541413829e-17,3.588636114293568,0.00016695342381262102,Syp_to_Imp
