,gene_id,row_coverage,row_mean,row_median,region_coverage,region_mean,region_median,tstatistic,pvalue,comparison_mode
0,FBgn0010488,309389,-0.00011139363251951765,0.0,80432,-0.0018694269100990597,0.0,-8.162625504667576,0.9999999999999998,Imp_to_Syp
0,FBgn0010488,119152,-9.906106459206296e-05,0.0,80432,-0.0018694269100990593,0.0,-8.219886157686204,0.9999999999999999,Syp_to_Imp
