,gene_id,row_coverage,row_mean,row_median,region_coverage,region_mean,region_median,tstatistic,pvalue,comparison_mode
0,FBgn0031769,135561,-0.00027724249649374876,-0.006943865780134777,16206,-0.013916810437969152,-0.02704496398803713,-20.59980226326726,1.0,Imp_to_Syp
0,FBgn0031769,45806,-0.00026941478656184554,-0.004109158832583608,16206,-0.013916810437969152,-0.02704496398803713,-20.61162443222916,1.0,Syp_to_Imp
