,gene_id,row_coverage,row_mean,row_median,region_coverage,region_mean,region_median,tstatistic,pvalue,comparison_mode
0,FBgn0034091,95832,-0.00021397416922421843,-0.007620509943276399,4851,0.020364643982689255,0.020316577844836675,17.759685393041053,1.0211172052690969e-68,Imp_to_Syp
0,FBgn0034091,47432,-0.00020514270275530486,-0.00534652765773827,4851,0.02036464398268925,0.020316577844836675,17.752063692454094,1.1599391680998946e-68,Syp_to_Imp
