,gene_id,row_coverage,row_mean,row_median,region_coverage,region_mean,region_median,tstatistic,pvalue,comparison_mode
0,FBgn0283451,1181824,-6.702132809078162e-06,-1.8300426196601373e-16,31584,-0.0014474230578812254,-0.0018732751898295208,-3.6628109473425887,0.99987506496545,Imp_to_Syp
0,FBgn0283451,11902656,-6.62098446501704e-06,-0.0024705878670546397,31584,-0.001447423057881225,-0.0018732751898295208,-3.6630172545029915,0.999875165541815,Syp_to_Imp
