,gene_id,row_coverage,row_mean,row_median,region_coverage,region_mean,region_median,tstatistic,pvalue,comparison_mode
0,FBgn0265574,18734,-0.00026421953684214794,4.396163174876562e-17,841,0.014328370868209652,1.1617067164845828e-16,3.570384647283395,0.00018834947066790006,Imp_to_Syp
0,FBgn0265574,18734,-0.0001956273596752077,-1.1825045468812595e-17,841,0.01432837086820965,1.1617067164845828e-16,3.5536021261899635,0.0002005933988919389,Syp_to_Imp
