,gene_id,row_coverage,row_mean,row_median,region_coverage,region_mean,region_median,tstatistic,pvalue,comparison_mode
0,FBgn0037874,90909,-5.679750490317141e-05,0.0,11557,0.0034203732069053787,0.0,7.120196448010658,5.708231863964211e-13,Imp_to_Syp
0,FBgn0037874,126873,-7.214681287989413e-05,0.0,11557,0.003420373206905378,0.0,7.151627199386805,4.5465969948500164e-13,Syp_to_Imp
