,gene_id,row_coverage,row_mean,row_median,region_coverage,region_mean,region_median,tstatistic,pvalue,comparison_mode
0,FBgn0013726,108675,-0.00014849566463202076,-1.1657500940278972e-16,4900,0.00140061999767742,-1.1690942519346998e-16,1.907228786266869,0.028274696799368088,Imp_to_Syp
0,FBgn0013726,17388,-0.00021101600121534452,-1.5484334405841e-16,4900,0.0014006199976774201,-1.1690942519346998e-16,1.9842021127653204,0.023644512276154973,Syp_to_Imp
