,gene_id,row_coverage,row_mean,row_median,region_coverage,region_mean,region_median,tstatistic,pvalue,comparison_mode
0,FBgn0037336,522046,-8.089664622138416e-05,-3.6159586320122684e-16,9947,-0.0019518635998500785,-6.241668445168141e-16,-2.395908487757108,0.9917012036153502,Imp_to_Syp
0,FBgn0037336,44138,-9.080239367738583e-05,-5.083775006361905e-16,9947,-0.001951863599850078,-6.241668445168141e-16,-2.3832234617808963,0.9914097838027134,Syp_to_Imp
