,gene_id,row_coverage,row_mean,row_median,region_coverage,region_mean,region_median,tstatistic,pvalue,comparison_mode
0,FBgn0036623,7800,-0.0005366340366304581,0.0,702,0.011795172287766047,0.0,5.361524777122765,5.607099830014841e-08,Imp_to_Syp
0,FBgn0036623,8100,-0.0005974992451047137,0.0,702,0.011795172287766045,0.0,5.3879872688871595,4.8695308844287355e-08,Syp_to_Imp
