,gene_id,row_coverage,row_mean,row_median,region_coverage,region_mean,region_median,tstatistic,pvalue,comparison_mode
0,FBgn0086355,7047,-0.0007261744082291204,-3.570566821582155e-16,810,0.017191533497149542,1.6266443025366005e-16,4.403850810756197,6.031527722835946e-06,Imp_to_Syp
0,FBgn0086355,7830,-0.0007544173649382761,-3.575551502435067e-16,810,0.01719153349714954,1.6266443025366005e-16,4.410792422287011,5.845761039521349e-06,Syp_to_Imp
