,gene_id,row_coverage,row_mean,row_median,region_coverage,region_mean,region_median,tstatistic,pvalue,comparison_mode
0,FBgn0025800,233367,-5.4890073342070696e-05,-2.133603114669059e-16,7704,0.003976634139776263,1.9559974444346564e-17,5.2491162167562475,7.845489828636336e-08,Imp_to_Syp
0,FBgn0025800,157032,-4.275752443820583e-05,-1.6857901559902473e-16,7704,0.003976634139776262,1.9559974444346564e-17,5.233319422334266,8.544217577158362e-08,Syp_to_Imp
