,gene_id,row_coverage,row_mean,row_median,region_coverage,region_mean,region_median,tstatistic,pvalue,comparison_mode
0,FBgn0000253,4904670,-1.9241498714759117e-05,-1.6777197169341958e-16,83130,-0.0006074880948373188,-1.168403812981024e-16,-3.5572566776658414,0.9998125218532848,Imp_to_Syp
0,FBgn0000253,426275,-1.2564131071535756e-05,-4.861910113132138e-17,83130,-0.0006074880948373188,-1.168403812981024e-16,-3.5976361899225293,0.9998393457045803,Syp_to_Imp
