,gene_id,row_coverage,row_mean,row_median,region_coverage,region_mean,region_median,tstatistic,pvalue,comparison_mode
0,FBgn0020306,294882,-3.367462792643219e-05,-0.0032631716944546973,1428,0.070477439190221,0.06631547436398336,24.642327380580227,2.6382634683342146e-112,Imp_to_Syp
0,FBgn0020306,161896,-3.445611859062723e-05,-0.0028531391750329232,1428,0.070477439190221,0.06631547436398336,24.64260049708271,2.6258167612867447e-112,Syp_to_Imp
