,gene_id,row_coverage,row_mean,row_median,region_coverage,region_mean,region_median,tstatistic,pvalue,comparison_mode
0,FBgn0029979,1034280,-3.036600785740328e-05,-0.009432946693889166,54264,-0.004688901017165065,-0.017160798170642318,-12.809443079320099,1.0,Imp_to_Syp
0,FBgn0029979,1348620,-3.0288408225327997e-05,-0.010582612284001727,54264,-0.004688901017165064,-0.017160798170642318,-12.809656452852344,1.0,Syp_to_Imp
