,gene_id,row_coverage,row_mean,row_median,region_coverage,region_mean,region_median,tstatistic,pvalue,comparison_mode
0,FBgn0023215,283024,-0.00015787035080764926,-0.0016789955003142093,7904,0.0068251026003220945,-0.0026875734888909225,6.55238000271944,3.008794911696554e-11,Imp_to_Syp
0,FBgn0023215,24206,-0.000205493716801628,-0.0031418296299800114,7904,0.006825102600322094,-0.0026875734888909225,6.597066756224713,2.231911195602945e-11,Syp_to_Imp
