,gene_id,row_coverage,row_mean,row_median,region_coverage,region_mean,region_median,tstatistic,pvalue,comparison_mode
0,FBgn0014163,2228160,-2.9001552409907726e-05,-4.474738802625065e-17,292800,0.001140544723777635,-5.301870683503651e-17,11.903755298927114,5.7561165824604706e-33,Imp_to_Syp
0,FBgn0014163,707905,-3.056361575820298e-05,-5.3154325909236885e-17,292800,0.0011405447237776353,-5.301870683503651e-17,11.919654131011079,4.757187749536218e-33,Syp_to_Imp
