,gene_id,row_coverage,row_mean,row_median,region_coverage,region_mean,region_median,tstatistic,pvalue,comparison_mode
0,FBgn0264855,499744,-0.00010320968991574493,-8.451779515870185e-17,9936,0.0016782957941888878,-6.93865478242497e-17,2.1099011847265596,0.01744590327896691,Imp_to_Syp
0,FBgn0264855,36666,-0.0001244646895825126,-7.132982865942687e-17,9936,0.0016782957941888883,-6.93865478242497e-17,2.1350742472730477,0.01638966893764139,Syp_to_Imp
