,gene_id,row_coverage,row_mean,row_median,region_coverage,region_mean,region_median,tstatistic,pvalue,comparison_mode
0,FBgn0019925,131976,-8.621493741202e-05,0.0,5832,0.0030244049312345275,0.0,3.375422934388255,0.000370918418540265,Imp_to_Syp
0,FBgn0019925,16497,-0.00010352816918056818,0.0,5832,0.003024404931234527,0.0,3.3942100192934137,0.0003464289182159142,Syp_to_Imp
