,gene_id,row_coverage,row_mean,row_median,region_coverage,region_mean,region_median,tstatistic,pvalue,comparison_mode
0,FBgn0020496,4804910,-2.5429907389402182e-05,-4.405595508801782e-16,73150,-0.018929827886684708,-0.02682938215632292,-83.17550658323223,1.0,Imp_to_Syp
0,FBgn0020496,321860,-2.1515000566896434e-05,-0.013796320078116084,73150,-0.018929827886684708,-0.02682938215632292,-83.19273137708944,1.0,Syp_to_Imp
