,gene_id,row_coverage,row_mean,row_median,region_coverage,region_mean,region_median,tstatistic,pvalue,comparison_mode
0,FBgn0004889,415708,-4.21309290360352e-05,0.0,5356,-0.0016363828682795598,0.0,-1.4690448463570394,0.9290603167656245,Imp_to_Syp
0,FBgn0004889,52468,-5.29785957330307e-05,0.0,5356,-0.0016363828682795592,0.0,-1.4590491182892518,0.9276948792478524,Syp_to_Imp
