,gene_id,row_coverage,row_mean,row_median,region_coverage,region_mean,region_median,tstatistic,pvalue,comparison_mode
0,FBgn0024921,74592,-8.411675598530315e-05,-0.008767615186723643,1484,0.016847908911633024,-3.228563384386471e-17,8.17813335622801,3.0637709279903123e-16,Imp_to_Syp
0,FBgn0024921,141192,-5.0837757123522746e-05,-2.644361815727192e-16,1484,0.016847908911633024,-3.228563384386471e-17,8.162059668649452,3.4803799467975245e-16,Syp_to_Imp
