,gene_id,row_coverage,row_mean,row_median,region_coverage,region_mean,region_median,tstatistic,pvalue,comparison_mode
0,FBgn0010226,235535,-0.00021051926730261645,-0.006582227950207187,8670,0.003512977105396464,-0.0075727337271010615,4.098416844609966,2.098888357259641e-05,Imp_to_Syp
0,FBgn0010226,24450,-0.0001681403182251034,-0.008488804837476813,8670,0.0035129771053964646,-0.0075727337271010615,4.05177074068742,2.563753814063976e-05,Syp_to_Imp
