,gene_id,row_coverage,row_mean,row_median,region_coverage,region_mean,region_median,tstatistic,pvalue,comparison_mode
0,FBgn0262737,1189250,-1.2037701161782269e-05,-2.2245880990128213e-16,22500,0.0006794129463639983,-2.2819411175289583e-16,1.4118111654545327,0.07900969972510027,Imp_to_Syp
0,FBgn0262737,1712520,-1.4351022848958887e-05,-3.7382515869974156e-16,22500,0.0006794129463639987,-2.2819411175289583e-16,1.4165345298753067,0.07831645332920546,Syp_to_Imp
