,gene_id,row_coverage,row_mean,row_median,region_coverage,region_mean,region_median,tstatistic,pvalue,comparison_mode
0,FBgn0265297,2120796,-8.187741155749275e-05,-0.008058013849832277,994224,0.0002439881189418442,-0.008108601814263622,4.010446735287414,3.0304196985376995e-05,Imp_to_Syp
0,FBgn0265297,1821204,-8.207070608114373e-05,-0.008216699800498328,994224,0.00024398811894184435,-0.008108601814263622,4.012825622646679,3.0000310925419635e-05,Syp_to_Imp
