,gene_id,row_coverage,row_mean,row_median,region_coverage,region_mean,region_median,tstatistic,pvalue,comparison_mode
0,FBgn0000451,945307,-2.8641194998292513e-05,8.053011143066653e-18,33022,0.013606725731709296,1.135482532295507e-16,29.813395546934963,4.730296118633031e-193,Imp_to_Syp
0,FBgn0000451,714634,-3.829825068737356e-05,1.6456955732178765e-17,33022,0.013606725731709294,1.135482532295507e-16,29.834510462479578,2.560205393919081e-193,Syp_to_Imp
