,gene_id,row_coverage,row_mean,row_median,region_coverage,region_mean,region_median,tstatistic,pvalue,comparison_mode
0,FBgn0086675,3320798,-3.549849835372841e-05,-0.013217927312670352,19546,-0.0076229665034261195,-0.02846837635569022,-15.188103110756245,1.0,Imp_to_Syp
0,FBgn0086675,142883,-1.8550841684325498e-05,-0.02543755334301176,19546,-0.0076229665034261195,-0.02846837635569022,-15.222027834630994,1.0,Syp_to_Imp
