,gene_id,row_coverage,row_mean,row_median,region_coverage,region_mean,region_median,tstatistic,pvalue,comparison_mode
0,FBgn0262733,416860,-4.121227158973178e-05,-1.228972317668827e-16,10830,0.0031512596689619405,-1.2226757647963924e-16,5.668993564641318,7.365664148904262e-09,Imp_to_Syp
0,FBgn0262733,125058,-4.575510426489655e-05,-1.207585442614863e-16,10830,0.0031512596689619414,-1.2226757647963924e-16,5.677060445002467,7.027707334618784e-09,Syp_to_Imp
