,gene_id,row_coverage,row_mean,row_median,region_coverage,region_mean,region_median,tstatistic,pvalue,comparison_mode
0,FBgn0000578,238006,-4.578122302153073e-05,-1.8572275238764756e-16,3304,0.004492839004675907,1.1535411952567368e-16,4.924837233087807,4.428703172961969e-07,Imp_to_Syp
0,FBgn0000578,56476,-3.0666189572924816e-05,-1.9022400222481032e-16,3304,0.004492839004675906,1.1535411952567368e-16,4.908435975486919,4.812612337315567e-07,Syp_to_Imp
