,gene_id,row_coverage,row_mean,row_median,region_coverage,region_mean,region_median,tstatistic,pvalue,comparison_mode
0,FBgn0010415,1227448,-5.457707092284038e-05,-3.997405099172469e-16,14768,0.0021941440288287856,-4.484564409633714e-16,3.625581898595907,0.0001446406452970955,Imp_to_Syp
0,FBgn0010415,56186,-5.0949589876753694e-05,-4.334081719975904e-16,14768,0.002194144028828786,-4.484564409633714e-16,3.619733361122922,0.00014794636578809964,Syp_to_Imp
