,gene_id,row_coverage,row_mean,row_median,region_coverage,region_mean,region_median,tstatistic,pvalue,comparison_mode
0,FBgn0259176,17264100,-3.728750894205498e-06,-0.004916988067220351,56280,0.03139863747263876,0.014090662690984565,80.96849360070091,0.0,Imp_to_Syp
0,FBgn0259176,5508070,-3.875080427940708e-06,-0.009301499002143748,56280,0.03139863747263876,0.014090662690984565,80.96887089971818,0.0,Syp_to_Imp
