,gene_id,row_coverage,row_mean,row_median,region_coverage,region_mean,region_median,tstatistic,pvalue,comparison_mode
0,FBgn0035772,777878,-6.755879524553466e-05,-0.010820337057223017,19126,-0.004706441668016001,-0.004901911549080266,-8.270618584405494,0.9999999999999999,Imp_to_Syp
0,FBgn0035772,216737,-5.352653955360967e-05,-0.0018454854326658,19126,-0.0047064416680160015,-0.004901911549080266,-8.295636554871615,1.0,Syp_to_Imp
