,gene_id,row_coverage,row_mean,row_median,region_coverage,region_mean,region_median,tstatistic,pvalue,comparison_mode
0,FBgn0035495,865035,-7.803979148286825e-05,-0.0053144573996740385,11421,-0.0006935133421861858,0.0,-0.8870311292800032,0.8124595896214277,Imp_to_Syp
0,FBgn0035495,55215,-6.54622135767997e-05,0.0,11421,-0.0006935133421861857,0.0,-0.9051581521567426,0.8172996482684973,Syp_to_Imp
