,gene_id,row_coverage,row_mean,row_median,region_coverage,region_mean,region_median,tstatistic,pvalue,comparison_mode
0,FBgn0026418,91020,-0.00019360146433725412,-1.4521657459635382e-16,3848,0.013968191404707153,-1.0183213123429835e-16,9.720128909395866,2.2162421382436433e-22,Imp_to_Syp
0,FBgn0026418,15990,-0.0001751372299200352,-1.4359843082774706e-16,3848,0.013968191404707153,-1.0183213123429835e-16,9.707455744323598,2.5023179762105195e-22,Syp_to_Imp
