,gene_id,row_coverage,row_mean,row_median,region_coverage,region_mean,region_median,tstatistic,pvalue,comparison_mode
0,FBgn0031453,751407,-7.57456720055431e-05,-1.290813073779107e-16,23244,0.0030773173300446457,-1.3289342795033335e-16,7.221514514251849,2.649720327607893e-13,Imp_to_Syp
0,FBgn0031453,87412,-4.447157532202002e-05,-1.3364412717239352e-16,23244,0.003077317330044645,-1.3289342795033335e-16,7.149886911830542,4.470948314271912e-13,Syp_to_Imp
