,gene_id,row_coverage,row_mean,row_median,region_coverage,region_mean,region_median,tstatistic,pvalue,comparison_mode
0,FBgn0000299,84010,-0.00019082418385370873,-2.220446049250318e-16,4495,0.0003440149779523435,-1.794672765460577e-16,0.4837007280176317,0.3143109218099969,Imp_to_Syp
0,FBgn0000299,15718,-0.0001998926227098093,-1.7847991187306188e-16,4495,0.0003440149779523437,-1.794672765460577e-16,0.4919020916983823,0.3114062926894938,Syp_to_Imp
