,gene_id,row_coverage,row_mean,row_median,region_coverage,region_mean,region_median,tstatistic,pvalue,comparison_mode
0,FBgn0284225,3656645,-3.701757842613384e-05,-0.00828568681528058,35336,0.006376673358465657,-0.010847056739817076,11.868223375008226,9.975638119244552e-33,Imp_to_Syp
0,FBgn0284225,324520,-4.5538193231477975e-05,-0.011188946469299008,35336,0.006376673358465657,-0.010847056739817076,11.883990358605853,8.267530436316215e-33,Syp_to_Imp
