,gene_id,row_coverage,row_mean,row_median,region_coverage,region_mean,region_median,tstatistic,pvalue,comparison_mode
0,FBgn0000579,100848,-0.0002666885126430213,-0.008517394874749302,10032,0.008533028491224481,-0.005329745277277916,10.232241685563991,9.373702241238507e-25,Imp_to_Syp
0,FBgn0000579,32661,-0.00029507936758767017,-0.011826372133822207,10032,0.008533028491224481,-0.005329745277277916,10.265254348280958,6.685537522720563e-25,Syp_to_Imp
