,gene_id,row_coverage,row_mean,row_median,region_coverage,region_mean,region_median,tstatistic,pvalue,comparison_mode
0,FBgn0035142,869148,-2.4588256548665093e-05,-0.007451530278122814,3402,0.00644638008939865,-0.003794442439581459,4.967767022807531,3.5533283999604793e-07,Imp_to_Syp
0,FBgn0035142,186246,-2.0769715112582977e-05,-0.0068139336886741675,3402,0.006446380089398651,-0.003794442439581459,4.964835525818636,3.607028739918053e-07,Syp_to_Imp
