,gene_id,row_coverage,row_mean,row_median,region_coverage,region_mean,region_median,tstatistic,pvalue,comparison_mode
0,FBgn0011300,687078,-8.180132068476281e-05,-0.005209223862280329,8526,0.007016930379424419,-1.5597961069112088e-16,7.024564000868558,1.1561332574391159e-12,Imp_to_Syp
0,FBgn0011300,67773,-6.521063500652251e-05,-0.0008260828119704897,8526,0.00701693037942442,-1.5597961069112088e-16,7.008146655025879,1.2993308822294919e-12,Syp_to_Imp
