,gene_id,row_coverage,row_mean,row_median,region_coverage,region_mean,region_median,tstatistic,pvalue,comparison_mode
0,FBgn0001218,92617,-0.00017735778900332915,-0.016417337842805427,10504,0.010613547366422206,-0.014168303446458363,11.677387270443663,1.2980796731856004e-31,Imp_to_Syp
0,FBgn0001218,95368,-0.00023801670841809656,-0.01715754453109554,10504,0.010613547366422211,-0.014168303446458363,11.74302937212193,6.045056239800207e-32,Syp_to_Imp
