,gene_id,row_coverage,row_mean,row_median,region_coverage,region_mean,region_median,tstatistic,pvalue,comparison_mode
0,FBgn0004227,168287,-4.197086985423933e-05,-0.01355567065734401,2378,0.05574144648986102,0.045909540531703735,22.151297811140026,2.6964817193563046e-99,Imp_to_Syp
0,FBgn0004227,475846,-3.664944441501242e-05,-0.018799427405448377,2378,0.05574144648986102,0.045909540531703735,22.14918470145146,2.80337558720404e-99,Syp_to_Imp
