,gene_id,row_coverage,row_mean,row_median,region_coverage,region_mean,region_median,tstatistic,pvalue,comparison_mode
0,FBgn0040070,57840,-0.00018144729035339958,-0.00021461128285322345,4160,0.013684901156841674,-1.2654272354276238e-16,11.55513571400093,1.0085772166819678e-30,Imp_to_Syp
0,FBgn0040070,37596,-0.00013865887072402684,-1.0697394495289248e-16,4160,0.013684901156841676,-1.2654272354276238e-16,11.519479174884824,1.5069881063557582e-30,Syp_to_Imp
