,gene_id,row_coverage,row_mean,row_median,region_coverage,region_mean,region_median,tstatistic,pvalue,comparison_mode
0,FBgn0013987,22624,-0.00016543406133221177,-1.1091246277466802e-16,756,0.003642471321312363,-1.072766747087064e-16,3.0782632341444742,0.0010787279160891523,Imp_to_Syp
0,FBgn0013987,21816,-2.1070226993847455e-05,-3.3726223772177786e-17,756,0.0036424713213123626,-1.072766747087064e-16,2.9615613104020087,0.0015784246189168177,Syp_to_Imp
