,gene_id,row_coverage,row_mean,row_median,region_coverage,region_mean,region_median,tstatistic,pvalue,comparison_mode
0,FBgn0066084,15657,-0.0005543829257691904,-3.4178240439687365e-16,3672,0.016575018319279586,-2.6947407020140026e-16,8.749904581340171,1.5991134265038444e-18,Imp_to_Syp
0,FBgn0066084,22104,-0.0005003642486569736,-3.1207406871155567e-16,3672,0.016575018319279586,-2.6947407020140026e-16,8.72231119009547,2.0311763853944914e-18,Syp_to_Imp
