,gene_id,row_coverage,row_mean,row_median,region_coverage,region_mean,region_median,tstatistic,pvalue,comparison_mode
0,FBgn0260400,3482699,-1.934165796693701e-05,-0.013906829727551556,93610,0.0017256396854475236,-0.012604987446081087,6.003070036411989,9.716527356617366e-10,Imp_to_Syp
0,FBgn0260400,1968110,-2.0060658482433816e-05,-0.007494376280867132,93610,0.0017256396854475236,-0.012604987446081087,6.005543535894969,9.569593821654067e-10,Syp_to_Imp
