,gene_id,row_coverage,row_mean,row_median,region_coverage,region_mean,region_median,tstatistic,pvalue,comparison_mode
0,FBgn0284408,6888486,-1.6224389044384926e-05,-0.013790907872775163,50996,0.037319607269882885,0.022350225121208066,93.84061704231085,0.0,Imp_to_Syp
0,FBgn0284408,780216,-1.9304296691598485e-05,-0.015177673910455686,50996,0.03731960726988289,0.022350225121208066,93.84835814304994,0.0,Syp_to_Imp
