,gene_id,row_coverage,row_mean,row_median,region_coverage,region_mean,region_median,tstatistic,pvalue,comparison_mode
0,FBgn0263987,1257282,-6.654369519168554e-05,-0.006905464081390665,13608,0.005184910196624457,-0.007414946363576626,6.722521127915791,9.286277678451652e-12,Imp_to_Syp
0,FBgn0263987,72436,-7.28427818169481e-05,-0.008288775066326151,13608,0.005184910196624457,-0.007414946363576626,6.730584750637659,8.787500311142943e-12,Syp_to_Imp
