,gene_id,row_coverage,row_mean,row_median,region_coverage,region_mean,region_median,tstatistic,pvalue,comparison_mode
0,FBgn0027338,195030,-0.00029250313906429914,-0.0032869849936819073,15957,0.015070272023281064,0.013040558224305332,20.52538343658617,9.95084873204799e-93,Imp_to_Syp
0,FBgn0027338,80190,-0.0002649709089668824,-0.0010911388867831384,15957,0.015070272023281065,0.013040558224305332,20.488599094327565,2.078772166541133e-92,Syp_to_Imp
