,gene_id,row_coverage,row_mean,row_median,region_coverage,region_mean,region_median,tstatistic,pvalue,comparison_mode
0,FBgn0035601,213065,-0.00010772510451245684,-6.446044326097804e-17,22575,0.0022696670866745924,-4.4251414381102254e-17,5.616065494334058,9.882645636198227e-09,Imp_to_Syp
0,FBgn0035601,104055,-9.067469577264945e-05,-5.556855687739917e-17,22575,0.002269667086674592,-4.4251414381102254e-17,5.5757876585849155,1.2461549608089006e-08,Syp_to_Imp
