,gene_id,row_coverage,row_mean,row_median,region_coverage,region_mean,region_median,tstatistic,pvalue,comparison_mode
0,FBgn0004907,1474410,-5.6043664403605604e-05,0.0,94248,0.002346427383510341,0.0,8.957688129418925,1.6870368741325416e-19,Imp_to_Syp
0,FBgn0004907,272580,-7.387711757499017e-05,0.0,94248,0.00234642738351034,0.0,9.024180715008484,9.216763890934897e-20,Syp_to_Imp
