,gene_id,row_coverage,row_mean,row_median,region_coverage,region_mean,region_median,tstatistic,pvalue,comparison_mode
0,FBgn0000108,2232104,-4.142268634817859e-05,-3.391594916448071e-16,79856,-0.0012400751979404492,-0.00039855826926100263,-4.450018396523853,0.9999957010569035,Imp_to_Syp
0,FBgn0000108,429784,-3.9333461201827947e-05,-3.133267256825852e-16,79856,-0.0012400751979404494,-0.00039855826926100263,-4.457774681390257,0.9999958536278842,Syp_to_Imp
