,gene_id,row_coverage,row_mean,row_median,region_coverage,region_mean,region_median,tstatistic,pvalue,comparison_mode
0,FBgn0033919,30160,-0.00014881312772171268,-1.0279822374050923e-16,1404,-0.007327833018625481,-1.2924257243640606e-16,-5.147615892717369,0.9999998493601198,Imp_to_Syp
0,FBgn0033919,15660,-0.00011260820684933633,-8.208800350232275e-17,1404,-0.007327833018625481,-1.2924257243640606e-16,-5.173576125299168,0.9999998685269418,Syp_to_Imp
