,gene_id,row_coverage,row_mean,row_median,region_coverage,region_mean,region_median,tstatistic,pvalue,comparison_mode
0,FBgn0036451,88992,-0.00011348845909083134,-0.011921592311043583,1344,-0.001937771333362458,-0.012596694535443403,-0.8324285985110316,0.7973424690252204,Imp_to_Syp
0,FBgn0036451,51912,-0.00011802529436736394,-0.011247424724088295,1344,-0.0019377713333624572,-0.012596694535443403,-0.8303584198758086,0.7967581252347041,Syp_to_Imp
