,gene_id,row_coverage,row_mean,row_median,region_coverage,region_mean,region_median,tstatistic,pvalue,comparison_mode
0,FBgn0004179,161950,-5.0923114690016206e-05,-1.3252638333337696e-16,8856,0.008008680822454147,-1.3246304616408418e-16,11.778548773293075,4.344242402877167e-32,Imp_to_Syp
0,FBgn0004179,213300,-6.105700067224425e-05,-0.0024398817939684913,8856,0.008008680822454147,-1.3246304616408418e-16,11.793358740536574,3.653837443188735e-32,Syp_to_Imp
