,gene_id,row_coverage,row_mean,row_median,region_coverage,region_mean,region_median,tstatistic,pvalue,comparison_mode
0,FBgn0000173,160515,-0.00015395079832589305,-0.012959049905413633,7425,0.030363927838112748,0.01559681853439987,24.740972956391648,3.1671145580488154e-130,Imp_to_Syp
0,FBgn0000173,65395,-0.00015519581684620185,-0.009794641331509757,7425,0.030363927838112738,0.01559681853439987,24.741982298158415,3.094768257272169e-130,Syp_to_Imp
