,gene_id,row_coverage,row_mean,row_median,region_coverage,region_mean,region_median,tstatistic,pvalue,comparison_mode
0,FBgn0041188,1113687,-5.6886728686626634e-05,-3.4515894467048345e-16,27115,0.006938337216869151,-1.3873205424660062e-16,16.361224246234784,3.5043905069247017e-60,Imp_to_Syp
0,FBgn0041188,124245,-3.6553214570968104e-05,-1.5420949525293345e-16,27115,0.006938337216869151,-1.3873205424660062e-16,16.313665914042772,7.585855157345677e-60,Syp_to_Imp
