,gene_id,row_coverage,row_mean,row_median,region_coverage,region_mean,region_median,tstatistic,pvalue,comparison_mode
0,FBgn0004177,263730,-7.589337555654436e-05,-1.367087952738532e-16,12218,0.002539340920509987,-1.1202071999921596e-16,4.202574243146756,1.328865523918471e-05,Imp_to_Syp
0,FBgn0004177,145140,-0.0001055817971085119,-0.001183610352578017,12218,0.0025393409205099866,-1.1202071999921596e-16,4.2502823188329915,1.0754309139261452e-05,Syp_to_Imp
