,gene_id,row_coverage,row_mean,row_median,region_coverage,region_mean,region_median,tstatistic,pvalue,comparison_mode
0,FBgn0039358,342975,-0.0001088376478110817,-3.844041772030341e-16,12240,0.0004689074299909234,-1.1423857361887376e-16,0.887677101881329,0.18736595502043435,Imp_to_Syp
0,FBgn0039358,64560,-9.495512612811532e-05,-1.6553920956688925e-16,12240,0.0004689074299909236,-1.1423857361887376e-16,0.8663472851718158,0.19315836290519156,Syp_to_Imp
