,gene_id,row_coverage,row_mean,row_median,region_coverage,region_mean,region_median,tstatistic,pvalue,comparison_mode
0,FBgn0035020,48440,-0.0004828564624917266,0.0,4844,0.000530881748534924,0.0,0.8838796389419598,0.1884025322832394,Imp_to_Syp
0,FBgn0035020,7840,-0.00043944088701807263,0.0,4844,0.0005308817485349242,0.0,0.8460255433217032,0.1987901466713905,Syp_to_Imp
