,gene_id,row_coverage,row_mean,row_median,region_coverage,region_mean,region_median,tstatistic,pvalue,comparison_mode
0,FBgn0004237,165342,-6.247080060652794e-05,-9.931628414554093e-17,2856,0.015608934954605384,-9.590143176741237e-18,11.667198039665708,4.624705469070954e-31,Imp_to_Syp
0,FBgn0004237,45388,-0.00010493112454830662,-0.003792135796101756,2856,0.015608934954605384,-9.590143176741237e-18,11.698809307729029,3.2426950364977065e-31,Syp_to_Imp
