,gene_id,row_coverage,row_mean,row_median,region_coverage,region_mean,region_median,tstatistic,pvalue,comparison_mode
0,FBgn0010352,180235,-9.778376620681109e-05,-0.0076494102918052975,3915,0.010825890137155346,-0.004876865090934487,7.658564290957375,1.1772690502318053e-14,Imp_to_Syp
0,FBgn0010352,33561,-0.00011184658308235979,-0.007069174425766989,3915,0.010825890137155346,-0.004876865090934487,7.668423701637897,1.09147476572512e-14,Syp_to_Imp
