,gene_id,row_coverage,row_mean,row_median,region_coverage,region_mean,region_median,tstatistic,pvalue,comparison_mode
0,FBgn0259994,4816755,-4.1373880368443786e-05,-0.005870279055156524,39150,-0.0017151643019211978,-0.009903459557033742,-4.1636290400128395,0.9999843050740985,Imp_to_Syp
0,FBgn0259994,110730,-4.4977581859265474e-05,-0.007181096060549459,39150,-0.0017151643019211983,-0.009903459557033742,-4.154664670289179,0.9999836772147754,Syp_to_Imp
