,gene_id,row_coverage,row_mean,row_median,region_coverage,region_mean,region_median,tstatistic,pvalue,comparison_mode
0,FBgn0015766,199262,-0.00029579757752518093,-0.00801689407649571,46053,-3.15263805966522e-05,-0.007839562696462105,0.6108622308522674,0.27064690280760295,Imp_to_Syp
0,FBgn0015766,101286,-0.0003083978726028521,-0.008311884996032345,46053,-3.1526380596652606e-05,-0.007839562696462105,0.6399877823690469,0.2610918631239496,Syp_to_Imp
