,gene_id,row_coverage,row_mean,row_median,region_coverage,region_mean,region_median,tstatistic,pvalue,comparison_mode
0,FBgn0261552,16153200,-1.1849855929620638e-05,-2.826882003468914e-16,194400,2.9309677569871294e-05,-1.772009724157839e-16,0.2894488071376998,0.3861191292824917,Imp_to_Syp
0,FBgn0261552,969192,-9.893603019931417e-06,-2.1297736064520376e-16,194400,2.9309677569870833e-05,-1.772009724157839e-16,0.27569172528991065,0.3913925723612798,Syp_to_Imp
