,gene_id,row_coverage,row_mean,row_median,region_coverage,region_mean,region_median,tstatistic,pvalue,comparison_mode
0,FBgn0039915,37700,-0.00015235063327598616,-0.018404251174885256,870,0.00154068036716534,-0.013496937500324747,0.6070471369481282,0.2719891007585717,Imp_to_Syp
0,FBgn0039915,39000,-0.0001554791315033745,-0.008543159687928514,870,0.0015406803671653409,-0.013496937500324747,0.6081688800771015,0.27161719296936326,Syp_to_Imp
