,gene_id,row_coverage,row_mean,row_median,region_coverage,region_mean,region_median,tstatistic,pvalue,comparison_mode
0,FBgn0004652,1373920,-9.382195184488193e-06,-0.012995746691605529,20000,0.01878540128237106,-6.256525724321238e-17,30.256544512665766,5.696535902717827e-197,Imp_to_Syp
0,FBgn0004652,4293500,-9.27868143714389e-06,-0.0011618676430896757,20000,0.018785401282371057,-6.256525724321238e-17,30.256377872368578,5.724096734149864e-197,Syp_to_Imp
