,gene_id,row_coverage,row_mean,row_median,region_coverage,region_mean,region_median,tstatistic,pvalue,comparison_mode
0,FBgn0000667,3004045,-9.864073004529287e-06,-0.008535706784168845,5790,0.04018543129382673,0.021335599483833914,32.71680084680052,7.08493078658361e-216,Imp_to_Syp
0,FBgn0000667,466950,-1.3381167832268893e-05,-0.016015860568663817,5790,0.04018543129382673,0.021335599483833914,32.71966357215153,6.545973301470522e-216,Syp_to_Imp
