,gene_id,row_coverage,row_mean,row_median,region_coverage,region_mean,region_median,tstatistic,pvalue,comparison_mode
0,FBgn0030674,23640,-0.00019658819446088054,-0.0031264040329401672,1560,-0.0011328902902179817,-0.006759337916447821,-0.42186735365017874,0.6634099976654118,Imp_to_Syp
0,FBgn0030674,40976,-0.00023378604829734801,-0.008707581476902732,1560,-0.0011328902902179826,-0.006759337916447821,-0.4051072072929635,0.6572728552981367,Syp_to_Imp
