,gene_id,row_coverage,row_mean,row_median,region_coverage,region_mean,region_median,tstatistic,pvalue,comparison_mode
0,FBgn0035016,857844,-2.9653018404894066e-05,0.0,9126,0.00918306379181799,0.0,10.40768014638069,1.582528946333224e-25,Imp_to_Syp
0,FBgn0035016,63544,-4.2179278205031194e-05,0.0,9126,0.009183063791817986,0.0,10.42183116264612,1.366232924565714e-25,Syp_to_Imp
