,gene_id,row_coverage,row_mean,row_median,region_coverage,region_mean,region_median,tstatistic,pvalue,comparison_mode
0,FBgn0034398,7533,-0.0010267710128581868,-0.008171566922354906,1620,0.0006597228083239878,-0.003927539551295739,0.6816038636391335,0.24779347909216454,Imp_to_Syp
0,FBgn0034398,16740,-0.0009328841376972166,-0.0117397593277095,1620,0.000659722808323988,-0.003927539551295739,0.6436590718759092,0.2599438492457918,Syp_to_Imp
