,gene_id,row_coverage,row_mean,row_median,region_coverage,region_mean,region_median,tstatistic,pvalue,comparison_mode
0,FBgn0036661,128982,-0.00019267949961415597,-1.9709599405089395e-16,6438,-0.00078746039899688,-1.3593710315206081e-16,-0.8856265312717103,0.8120740540433578,Imp_to_Syp
0,FBgn0036661,16849,-0.00017566739873336348,-1.9040398408975186e-16,6438,-0.0007874603989968803,-1.3593710315206081e-16,-0.9109574857598872,0.8188240571463558,Syp_to_Imp
