,gene_id,row_coverage,row_mean,row_median,region_coverage,region_mean,region_median,tstatistic,pvalue,comparison_mode
0,FBgn0029133,89385,-0.0002653996941408059,-0.004087008722848479,4848,0.028495776753784834,0.015952448147484144,17.932870222725924,5.583530305694256e-70,Imp_to_Syp
0,FBgn0029133,42480,-0.0002696346892795041,-0.010535424865011661,4848,0.028495776753784834,0.015952448147484144,17.935510782939225,5.3402617362384644e-70,Syp_to_Imp
