,gene_id,row_coverage,row_mean,row_median,region_coverage,region_mean,region_median,tstatistic,pvalue,comparison_mode
0,FBgn0014010,452507,-0.00011260415105929194,-6.942265758994569e-17,8866,-0.006105008960234733,-0.017471964052885265,-7.592505153181755,0.9999999999999827,Imp_to_Syp
0,FBgn0014010,34502,-8.818048103462023e-05,-2.220446049250318e-16,8866,-0.006105008960234735,-0.017471964052885265,-7.623450465861234,0.9999999999999863,Syp_to_Imp
