,gene_id,row_coverage,row_mean,row_median,region_coverage,region_mean,region_median,tstatistic,pvalue,comparison_mode
0,FBgn0261811,549824,-6.528840097625674e-05,-0.012352909004116387,5104,-0.0105749717270608,-0.02182078504464574,-8.845825838129253,1.0,Imp_to_Syp
0,FBgn0261811,90596,-6.590671584086308e-05,-0.013459551407254966,5104,-0.010574971727060801,-0.02182078504464574,-8.845305412780961,1.0,Syp_to_Imp
