,gene_id,row_coverage,row_mean,row_median,region_coverage,region_mean,region_median,tstatistic,pvalue,comparison_mode
0,FBgn0034282,486072,-0.00016189725873495687,-0.007928693142606913,13659,0.0022213543066744853,-1.0578483458216994e-16,3.7790192693767706,7.905823449757587e-05,Imp_to_Syp
0,FBgn0034282,29928,-0.00011606030687441512,-1.7020574893111707e-16,13659,0.0022213543066744853,-1.0578483458216994e-16,3.706337590763995,0.00010555437077413677,Syp_to_Imp
