,gene_id,row_coverage,row_mean,row_median,region_coverage,region_mean,region_median,tstatistic,pvalue,comparison_mode
0,FBgn0283477,588584,-9.223198637161474e-05,-2.9812792708979347e-16,60200,0.005599063339946304,-2.5972871472665547e-16,15.966685300229992,1.4301172848930792e-57,Imp_to_Syp
0,FBgn0283477,299425,-8.917457832074863e-05,-2.7705616174573554e-16,60200,0.005599063339946304,-2.5972871472665547e-16,15.958107872881104,1.6398858509418637e-57,Syp_to_Imp
