,gene_id,row_coverage,row_mean,row_median,region_coverage,region_mean,region_median,tstatistic,pvalue,comparison_mode
0,FBgn0264742,105092,-6.985746839526011e-05,-4.390526657274994e-16,1508,-8.103104605803865e-05,-0.010396879866132289,-0.005506810185597618,0.5021965238853405,Imp_to_Syp
0,FBgn0264742,58609,-8.401060411724934e-05,-4.07290343680457e-16,1508,-8.103104605803925e-05,-0.010396879866132289,0.0014684518391719342,0.4994142698615933,Syp_to_Imp
