,gene_id,row_coverage,row_mean,row_median,region_coverage,region_mean,region_median,tstatistic,pvalue,comparison_mode
0,FBgn0011817,352118,-2.6785185771907594e-05,-0.008341027555355818,1624,0.013525919137261876,-0.002657109251349127,6.531706781533184,4.3380422557997314e-11,Imp_to_Syp
0,FBgn0011817,169988,-3.41947596152098e-05,-0.0029720742578160653,1624,0.01352591913726188,-0.002657109251349127,6.535277815222625,4.2383760605689296e-11,Syp_to_Imp
