,gene_id,row_coverage,row_mean,row_median,region_coverage,region_mean,region_median,tstatistic,pvalue,comparison_mode
0,FBgn0000568,134400,-5.6025747250813445e-05,-0.004492035303128868,1400,-0.011391060448938154,-0.022982781863260332,-5.1973750010616975,0.9999998839651437,Imp_to_Syp
0,FBgn0000568,75264,-7.093889013336574e-05,-3.6003999952354367e-16,1400,-0.011391060448938154,-0.022982781863260332,-5.190536980884,0.9999998797054187,Syp_to_Imp
