,gene_id,row_coverage,row_mean,row_median,region_coverage,region_mean,region_median,tstatistic,pvalue,comparison_mode
0,FBgn0031629,111384,-0.00026261518724396215,-0.012796909073142846,11700,-0.003709554305026601,-0.01838458187463821,-4.5780518223242295,0.9999976291790476,Imp_to_Syp
0,FBgn0031629,23800,-0.0002774121970322067,-0.0101032825787562,11700,-0.0037095543050265985,-0.01838458187463821,-4.558399175349248,0.9999973966201573,Syp_to_Imp
