,gene_id,row_coverage,row_mean,row_median,region_coverage,region_mean,region_median,tstatistic,pvalue,comparison_mode
0,FBgn0010100,25239,-0.0002634966555486647,-9.994386631019876e-17,2303,-0.007044907890330637,-0.011447625172439795,-4.466285907962855,0.9999958281934509,Imp_to_Syp
0,FBgn0010100,26313,-0.0002960600031885858,-0.006558567149605621,2303,-0.00704490789033064,-0.011447625172439795,-4.444839454467408,0.9999953935086807,Syp_to_Imp
