,gene_id,row_coverage,row_mean,row_median,region_coverage,region_mean,region_median,tstatistic,pvalue,comparison_mode
0,FBgn0004828,387716,-9.016794939302331e-05,-2.789266745988273e-16,7076,-0.005503608647961011,-1.7286987480894409e-16,-7.723007209614548,0.9999999999999936,Imp_to_Syp
0,FBgn0004828,46081,-3.376191291953784e-05,-8.050625621184678e-17,7076,-0.005503608647961011,-1.7286987480894409e-16,-7.80347806920404,0.9999999999999966,Syp_to_Imp
