,gene_id,row_coverage,row_mean,row_median,region_coverage,region_mean,region_median,tstatistic,pvalue,comparison_mode
0,FBgn0004687,323982,-0.0001963443451384455,-3.201711995065624e-16,45656,-0.00030097866743435245,-4.075596212133932e-16,-0.25341569635242017,0.6000259297146631,Imp_to_Syp
0,FBgn0004687,76752,-0.00021450419398521482,-4.208261028789275e-16,45656,-0.00030097866743435207,-4.075596212133932e-16,-0.20943404061861268,0.582944822091835,Syp_to_Imp
