,gene_id,row_coverage,row_mean,row_median,region_coverage,region_mean,region_median,tstatistic,pvalue,comparison_mode
0,FBgn0022959,722800,-6.467406885178396e-05,-1.3286837441321797e-16,65520,0.0006747505614532814,-1.5494244496149813e-16,2.3933691481242225,0.008348615607067015,Imp_to_Syp
0,FBgn0022959,175140,-8.428798811655177e-05,-1.6301770161284787e-16,65520,0.0006747505614532815,-1.5494244496149813e-16,2.4568554688635347,0.007009239837833414,Syp_to_Imp
