,gene_id,row_coverage,row_mean,row_median,region_coverage,region_mean,region_median,tstatistic,pvalue,comparison_mode
0,FBgn0025741,1089216,-5.991546949572666e-05,-0.01221097320409291,7320,0.015611382344420147,0.0007314300207847818,13.764987272489874,6.998636965344545e-43,Imp_to_Syp
0,FBgn0025741,133920,-5.897823005796768e-05,-0.010911644605879893,7320,0.015611382344420149,0.0007314300207847818,13.7641640420794,7.076777030216824e-43,Syp_to_Imp
