,gene_id,row_coverage,row_mean,row_median,region_coverage,region_mean,region_median,tstatistic,pvalue,comparison_mode
0,FBgn0259214,568384,-3.751717485461839e-05,-0.015267188444856972,2490,0.09526178781353202,0.07694172906471539,34.681665991007776,1.1707719689124818e-215,Imp_to_Syp
0,FBgn0259214,205440,-3.5743566077111584e-05,-0.016189988468038846,2490,0.09526178781353203,0.07694172906471539,34.68102053291941,1.1885903247197474e-215,Syp_to_Imp
