,gene_id,row_coverage,row_mean,row_median,region_coverage,region_mean,region_median,tstatistic,pvalue,comparison_mode
0,FBgn0004587,306423,-2.3963839808646714e-05,-1.534110503571246e-16,4050,0.007372481165952619,-3.4958442659177216e-16,5.8981502481626675,1.988143250616299e-09,Imp_to_Syp
0,FBgn0004587,189150,-4.394790047974622e-05,-4.928939090514561e-16,4050,0.00737248116595262,-3.4958442659177216e-16,5.914086146058852,1.8064197197849682e-09,Syp_to_Imp
