,gene_id,row_coverage,row_mean,row_median,region_coverage,region_mean,region_median,tstatistic,pvalue,comparison_mode
0,FBgn0263392,1134012,-6.0906731498973376e-05,-3.867761514610866e-16,196020,0.0047299763014451044,-3.332811323896547e-16,25.496907990055053,1.8293323003551946e-143,Imp_to_Syp
0,FBgn0263392,948915,-6.641990907697416e-05,-0.0026219523575174986,196020,0.0047299763014451044,-3.332811323896547e-16,25.526248923756107,8.66539004239221e-144,Syp_to_Imp
