,gene_id,row_coverage,row_mean,row_median,region_coverage,region_mean,region_median,tstatistic,pvalue,comparison_mode
0,FBgn0036030,426554,-0.00014653088530558407,-0.0037138133223691625,27642,0.0024196773798568117,-0.005914543155826119,5.444914254561474,2.6135683259268568e-08,Imp_to_Syp
0,FBgn0036030,40137,-0.0001703503195925952,-0.009387820354110316,27642,0.0024196773798568112,-0.005914543155826119,5.495453713515608,1.965722852187363e-08,Syp_to_Imp
