,gene_id,row_coverage,row_mean,row_median,region_coverage,region_mean,region_median,tstatistic,pvalue,comparison_mode
0,FBgn0263132,638909,-2.3033495829011114e-05,-0.009444496382138689,5150,0.08732974886613218,0.0718703276191852,66.4295894252159,0.0,Imp_to_Syp
0,FBgn0263132,310150,-2.908273856657924e-05,-0.006731400491378922,5150,0.08732974886613218,0.0718703276191852,66.43418972185815,0.0,Syp_to_Imp
