,gene_id,row_coverage,row_mean,row_median,region_coverage,region_mean,region_median,tstatistic,pvalue,comparison_mode
0,FBgn0033529,43659,-0.0005410720824905529,-0.00945229266452327,4116,0.0027339497173808013,-0.0011259180076256953,2.6323858508000506,0.004255213708721969,Imp_to_Syp
0,FBgn0033529,8316,-0.0005034470119770349,-0.006642598553812901,4116,0.0027339497173808013,-0.0011259180076256953,2.6021436999664194,0.004648757965317456,Syp_to_Imp
