,gene_id,row_coverage,row_mean,row_median,region_coverage,region_mean,region_median,tstatistic,pvalue,comparison_mode
0,FBgn0035936,194184,-0.00014480596118480828,-3.6701250628611633e-16,5046,0.0009193347347518392,-2.0412344434566776e-16,1.3199186181119147,0.09346103868259974,Imp_to_Syp
0,FBgn0035936,32364,-4.584454213584477e-05,-1.726817798729621e-17,5046,0.0009193347347518385,-2.0412344434566776e-16,1.1971707333855146,0.11564813172893863,Syp_to_Imp
