,gene_id,row_coverage,row_mean,row_median,region_coverage,region_mean,region_median,tstatistic,pvalue,comparison_mode
0,FBgn0004595,3758260,-6.9020067719535535e-06,-4.537379193626579e-17,986634,0.00021686508717352397,-3.7622544430135405e-17,3.19738499220502,0.0006934203581350761,Imp_to_Syp
0,FBgn0004595,63315810,-5.863695135689576e-06,-1.0921384299647563e-16,986634,0.00021686508717352418,-3.7622544430135405e-17,3.182548664018934,0.0007299475265700968,Syp_to_Imp
