,gene_id,row_coverage,row_mean,row_median,region_coverage,region_mean,region_median,tstatistic,pvalue,comparison_mode
0,FBgn0003721,7569444,-1.0333602997462257e-05,-0.00936420940902881,142128,0.03482529221205289,0.019207045055929253,140.87825008073636,0.0,Imp_to_Syp
0,FBgn0003721,3382092,-1.13408508093494e-05,-0.009377274280607417,142128,0.03482529221205289,0.019207045055929253,140.88232347703158,0.0,Syp_to_Imp
