,gene_id,row_coverage,row_mean,row_median,region_coverage,region_mean,region_median,tstatistic,pvalue,comparison_mode
0,FBgn0262656,2490150,-2.2931559310591607e-05,-0.00970433021876807,10920,0.00729719296305199,-3.0930604363064516e-18,11.254103331317502,1.6005416871411574e-29,Imp_to_Syp
0,FBgn0262656,178780,-1.7151957044342585e-05,-1.8699666809490386e-16,10920,0.007297192963051988,-3.0930604363064516e-18,11.245217657184556,1.7681369757848856e-29,Syp_to_Imp
