,gene_id,row_coverage,row_mean,row_median,region_coverage,region_mean,region_median,tstatistic,pvalue,comparison_mode
0,FBgn0267033,8756913,-4.6794227075138465e-06,-0.01445029561399925,29862,-0.0011666188994756055,-0.016011596353889733,-2.2561410547067786,0.987965499479295,Imp_to_Syp
0,FBgn0267033,4655574,-4.959418445173508e-06,-0.013144174293040434,29862,-0.001166618899475605,-0.016011596353889733,-2.255597386218438,0.9879484682031356,Syp_to_Imp
