,gene_id,row_coverage,row_mean,row_median,region_coverage,region_mean,region_median,tstatistic,pvalue,comparison_mode
0,FBgn0041094,568495,-8.360913498453334e-05,-0.008960526744432979,27470,0.010415285436567561,-5.034585839223006e-17,23.346621634839398,1.0860260938876022e-119,Imp_to_Syp
0,FBgn0041094,139154,-8.251677210137784e-05,-0.009605980305996631,27470,0.010415285436567561,-5.034585839223006e-17,23.34419252358895,1.148242177279462e-119,Syp_to_Imp
