,gene_id,row_coverage,row_mean,row_median,region_coverage,region_mean,region_median,tstatistic,pvalue,comparison_mode
0,FBgn0264607,620880,-0.0001282572860718743,-0.01303677997373412,9360,0.0010709967506478267,-0.010792728592948386,1.2466033108498937,0.10628709303558499,Imp_to_Syp
0,FBgn0264607,59700,-0.00012170991883930383,-0.012777200788317695,9360,0.0010709967506478272,-0.010792728592948386,1.2397974386830615,0.10754070537236829,Syp_to_Imp
