,gene_id,row_coverage,row_mean,row_median,region_coverage,region_mean,region_median,tstatistic,pvalue,comparison_mode
0,FBgn0036202,1825425,-3.336065377528183e-05,-2.309850745128432e-16,57225,0.0004579550252650195,-2.1712900357961114e-16,1.7913026296641927,0.036625013513969386,Imp_to_Syp
0,FBgn0036202,378993,-2.860935819333662e-05,-2.2144752201494672e-16,57225,0.0004579550252650195,-2.1712900357961114e-16,1.7739797380217464,0.03803590917765402,Syp_to_Imp
