,gene_id,row_coverage,row_mean,row_median,region_coverage,region_mean,region_median,tstatistic,pvalue,comparison_mode
0,FBgn0004362,115192,-0.0002445068802274919,-0.01299572241638311,10200,-0.0031732052818908897,-0.007509357383568782,-3.9753778988294006,0.9999646238707669,Imp_to_Syp
0,FBgn0004362,63525,-0.00014203659564247792,-0.005676159064588909,10200,-0.0031732052818908905,-0.007509357383568782,-4.114469757654693,0.9999804439551618,Syp_to_Imp
