,gene_id,row_coverage,row_mean,row_median,region_coverage,region_mean,region_median,tstatistic,pvalue,comparison_mode
0,FBgn0263396,10756036,-1.6270107168576956e-05,-2.8829698777661775e-16,786848,-0.0005300299351475606,-0.0023294106939503074,-6.039892601714442,0.9999999992285721,Imp_to_Syp
0,FBgn0263396,3927272,-1.8216099138521397e-05,-0.004370071840874831,786848,-0.0005300299351475611,-0.0023294106939503074,-6.017015019890856,0.9999999991112968,Syp_to_Imp
