,gene_id,row_coverage,row_mean,row_median,region_coverage,region_mean,region_median,tstatistic,pvalue,comparison_mode
0,FBgn0029687,1476720,-6.55183055180239e-05,-1.3583132250772447e-16,46880,0.036151291054033065,0.007787153599342372,71.74970654008676,0.0,Imp_to_Syp
0,FBgn0029687,201600,-9.019356086838783e-05,-0.0004868107328355742,46880,0.03615129105403307,0.007787153599342372,71.79859108738673,0.0,Syp_to_Imp
