,gene_id,row_coverage,row_mean,row_median,region_coverage,region_mean,region_median,tstatistic,pvalue,comparison_mode
0,FBgn0036165,3710520,-5.1585998334468915e-05,-0.009532487372484084,267045,-0.00011387341981610558,-0.010276472768128698,-0.3931593390776611,0.6528989434558881,Imp_to_Syp
0,FBgn0036165,1128600,-4.387712456002449e-05,-0.009551467431983277,267045,-0.00011387341981610442,-0.010276472768128698,-0.44181789077395756,0.6706893255413742,Syp_to_Imp
