,gene_id,row_coverage,row_mean,row_median,region_coverage,region_mean,region_median,tstatistic,pvalue,comparison_mode
0,FBgn0032773,24544,-0.000661092810491176,-0.018963365611705113,2652,-0.0013153293297017568,-0.021806802519385243,-0.28708065619508305,0.6129635002883067,Imp_to_Syp
0,FBgn0032773,24072,-0.000631644922327473,-0.01648788603379575,2652,-0.001315329329701761,-0.021806802519385243,-0.3000024647602747,0.6179006016926423,Syp_to_Imp
