,gene_id,row_coverage,row_mean,row_median,region_coverage,region_mean,region_median,tstatistic,pvalue,comparison_mode
0,FBgn0010348,181818,-0.00022408842148141715,-0.01100909359297883,6993,0.016981157714668262,-0.009287660802352937,15.58277898400133,3.806101662390583e-54,Imp_to_Syp
0,FBgn0010348,18954,-0.00017448451162667644,-0.017495748869813144,6993,0.016981157714668266,-0.009287660802352937,15.537852758715623,7.501038186939254e-54,Syp_to_Imp
