,gene_id,row_coverage,row_mean,row_median,region_coverage,region_mean,region_median,tstatistic,pvalue,comparison_mode
0,FBgn0039830,25201,-2.854734772887209e-05,-8.590771936298601e-18,1508,0.0007941165349533641,3.365100829208744e-16,1.3505732668804429,0.08851746796730185,Imp_to_Syp
0,FBgn0039830,45188,-4.3609092310001e-05,-4.451440633886331e-17,1508,0.0007941165349533641,3.365100829208744e-16,1.375300242273516,0.08462139177792419,Syp_to_Imp
