,gene_id,row_coverage,row_mean,row_median,region_coverage,region_mean,region_median,tstatistic,pvalue,comparison_mode
0,FBgn0011725,3209544,-6.701306758029789e-06,-0.014886012129654819,8910,0.0733617001661782,0.05092307600231799,55.64249011261983,0.0,Imp_to_Syp
0,FBgn0011725,1089660,-6.911629881055569e-06,-0.020444386337303215,8910,0.0733617001661782,0.05092307600231799,55.642649621373714,0.0,Syp_to_Imp
