,gene_id,row_coverage,row_mean,row_median,region_coverage,region_mean,region_median,tstatistic,pvalue,comparison_mode
0,FBgn0031992,3375,-0.00165559067002699,-0.02701873013808706,783,-0.033381593918835085,-0.03627572011698443,-11.492979661748487,1.0,Imp_to_Syp
0,FBgn0031992,3625,-0.0013447020084677865,-0.0059191781211009875,783,-0.033381593918835085,-0.03627572011698443,-11.605601382056177,1.0,Syp_to_Imp
