,gene_id,row_coverage,row_mean,row_median,region_coverage,region_mean,region_median,tstatistic,pvalue,comparison_mode
0,FBgn0001092,55590,-0.0005664413146573192,-4.501471878000885e-16,8500,1.7287989823925073e-05,-0.007699944799063441,0.5094918410320821,0.3052103720121685,Imp_to_Syp
0,FBgn0001092,16350,-0.0005246692222565378,-0.003255605458791347,8500,1.7287989823925073e-05,-0.007699944799063441,0.4730322353592951,0.31810116463624794,Syp_to_Imp
