,gene_id,row_coverage,row_mean,row_median,region_coverage,region_mean,region_median,tstatistic,pvalue,comparison_mode
0,FBgn0001186,145706,-4.4703161174644156e-05,-8.329296970458532e-17,2146,-0.010733604718621526,-3.38288918415415e-16,-7.672438208240508,0.9999999999999873,Imp_to_Syp
0,FBgn0001186,57101,-7.421267289551306e-05,-0.005969008974622381,2146,-0.010733604718621526,-3.38288918415415e-16,-7.651256433479381,0.999999999999985,Syp_to_Imp
