,gene_id,row_coverage,row_mean,row_median,region_coverage,region_mean,region_median,tstatistic,pvalue,comparison_mode
0,FBgn0032946,4401124,-7.04310833086308e-05,-0.011061786016817898,72332,0.00307647169502388,-0.007591704573190458,9.889010908306103,2.40258754110473e-23,Imp_to_Syp
0,FBgn0032946,164528,-7.504682889332048e-05,-0.01030469352147445,72332,0.0030764716950238804,-0.007591704573190458,9.90351569655417,2.0787401141488886e-23,Syp_to_Imp
