,gene_id,row_coverage,row_mean,row_median,region_coverage,region_mean,region_median,tstatistic,pvalue,comparison_mode
0,FBgn0013305,69003,-0.00026628120576921915,-0.00019761628796238773,3198,0.021488163602160066,-1.736243614134124e-16,11.175867096223554,8.957856831326508e-29,Imp_to_Syp
0,FBgn0013305,14586,-0.0002859012866078641,-0.0033700909725706274,3198,0.021488163602160066,-1.736243614134124e-16,11.185946480818556,8.030297810608458e-29,Syp_to_Imp
