,gene_id,row_coverage,row_mean,row_median,region_coverage,region_mean,region_median,tstatistic,pvalue,comparison_mode
0,FBgn0037697,719229,-0.00010228119838136162,-1.7103058404352374e-16,151032,-0.00026341848878044295,-2.2503239791137454e-16,-0.8584642226601595,0.8046812298130068,Imp_to_Syp
0,FBgn0037697,292888,-0.00016083436074496713,-0.00037212907258982186,151032,-0.00026341848878044355,-2.2503239791137454e-16,-0.5465203213554074,0.7076454348923991,Syp_to_Imp
