,gene_id,row_coverage,row_mean,row_median,region_coverage,region_mean,region_median,tstatistic,pvalue,comparison_mode
0,FBgn0015776,169326,-0.00023085943813872496,-0.010447887065196766,6003,0.007830673677252594,0.0005563157035217148,7.209170818604074,3.1613108533332787e-13,Imp_to_Syp
0,FBgn0015776,23722,-0.0002553977577859783,-0.009299023304651603,6003,0.007830673677252594,0.0005563157035217148,7.231114651793919,2.6939461261981216e-13,Syp_to_Imp
