,gene_id,row_coverage,row_mean,row_median,region_coverage,region_mean,region_median,tstatistic,pvalue,comparison_mode
0,FBgn0001215,653952,-3.3312220349318147e-05,0.0,8112,0.0018277773390065295,0.0,4.028351800152579,2.8340929422529325e-05,Imp_to_Syp
0,FBgn0001215,54496,-1.6112647790277566e-05,0.0,8112,0.0018277773390065297,0.0,3.99112310864133,3.3170235731302245e-05,Syp_to_Imp
