,gene_id,row_coverage,row_mean,row_median,region_coverage,region_mean,region_median,tstatistic,pvalue,comparison_mode
0,FBgn0010551,27811,-9.31624647126678e-05,-0.00742280961771262,783,-0.02916452632436655,-0.03124074427183885,-16.38413451782881,1.0,Imp_to_Syp
0,FBgn0010551,25893,-0.00010512202305312104,-1.1612644790748452e-16,783,-0.02916452632436655,-0.03124074427183885,-16.377394310744968,1.0,Syp_to_Imp
