,gene_id,row_coverage,row_mean,row_median,region_coverage,region_mean,region_median,tstatistic,pvalue,comparison_mode
0,FBgn0002525,549990,-9.494152549673704e-05,0.0,14065,0.005382678801544738,0.0,7.457286216752342,4.674170532190427e-14,Imp_to_Syp
0,FBgn0002525,32886,-0.00012714532677112657,-0.003245469353046047,14065,0.005382678801544738,0.0,7.501128788714654,3.352805093801279e-14,Syp_to_Imp
