,gene_id,row_coverage,row_mean,row_median,region_coverage,region_mean,region_median,tstatistic,pvalue,comparison_mode
0,FBgn0262736,775344,-3.0921786629835134e-05,-1.330202002300392e-16,10092,0.013095138708547128,1.2334644739181813e-16,18.886675811941448,1.6249423153219659e-78,Imp_to_Syp
0,FBgn0262736,64612,-5.868098698587816e-05,3.8201160381361934e-17,10092,0.013095138708547132,1.2334644739181813e-16,18.92661765268765,7.820106351817946e-79,Syp_to_Imp
