,gene_id,row_coverage,row_mean,row_median,region_coverage,region_mean,region_median,tstatistic,pvalue,comparison_mode
0,FBgn0286516,4486698,-1.6103521962058724e-05,1.0344131724137631e-17,138510,0.0005735698469699651,1.0773822706210141e-17,3.15626287093801,0.0007991949339642482,Imp_to_Syp
0,FBgn0286516,590355,-1.5128179152317467e-05,2.1097189224666187e-17,138510,0.0005735698469699649,1.0773822706210141e-17,3.151042288732646,0.0008136177926032704,Syp_to_Imp
