,gene_id,row_coverage,row_mean,row_median,region_coverage,region_mean,region_median,tstatistic,pvalue,comparison_mode
0,FBgn0003607,10032,-0.0010336972442953928,-0.0105302367502276,2544,0.0006808959736245758,-0.014262397390637949,0.7808703793996984,0.21747570884153916,Imp_to_Syp
0,FBgn0003607,11077,-0.0010228411168830794,-0.012303421747647592,2544,0.0006808959736245754,-0.014262397390637949,0.7759262164095119,0.21893235327398275,Syp_to_Imp
