,gene_id,row_coverage,row_mean,row_median,region_coverage,region_mean,region_median,tstatistic,pvalue,comparison_mode
0,FBgn0037537,9328,-0.0015450256900697114,-0.013439048308417315,1590,0.00597242211041444,-0.005470338790351963,2.87511039180868,0.002046329713612728,Imp_to_Syp
0,FBgn0037537,5280,-0.001473339975666632,-0.012433650664735674,1590,0.005972422110414442,-0.005470338790351963,2.8476935945265964,0.0022301887019225437,Syp_to_Imp
