,gene_id,row_coverage,row_mean,row_median,region_coverage,region_mean,region_median,tstatistic,pvalue,comparison_mode
0,FBgn0020638,4002,-0.0020553301425683236,-0.01699463998737008,1479,0.017948679460217908,-0.010546022550479844,5.630280230164942,1.0749107502554367e-08,Imp_to_Syp
0,FBgn0020638,7038,-0.002075384401181813,-0.015353243472194522,1479,0.017948679460217914,-0.010546022550479844,5.635924653360304,1.041002623055872e-08,Syp_to_Imp
