,gene_id,row_coverage,row_mean,row_median,region_coverage,region_mean,region_median,tstatistic,pvalue,comparison_mode
0,FBgn0053196,34510424,-1.762231683000222e-06,-0.011706922476977286,10320,0.10565296012424528,0.0871077573715759,85.1674683720994,0.0,Imp_to_Syp
0,FBgn0053196,3009630,-1.692222672303427e-06,-0.011903095264783704,10320,0.10565296012424526,0.0871077573715759,85.16741193836818,0.0,Syp_to_Imp
