,gene_id,row_coverage,row_mean,row_median,region_coverage,region_mean,region_median,tstatistic,pvalue,comparison_mode
0,FBgn0014184,301119,-0.0001544167057538713,-0.011364981035536403,15288,0.0612675053398536,-2.400698419422052e-16,48.99522944344609,0.0,Imp_to_Syp
0,FBgn0014184,61768,-0.0002459357909160289,-0.029779667154987102,15288,0.06126750533985361,-2.400698419422052e-16,49.06823267139206,0.0,Syp_to_Imp
