,gene_id,row_coverage,row_mean,row_median,region_coverage,region_mean,region_median,tstatistic,pvalue,comparison_mode
0,FBgn0036538,124888,-0.0003698447237229457,-0.011936649329876828,13400,0.00792589901683356,-0.006315617780716452,8.979652814255838,1.5371143771528652e-19,Imp_to_Syp
0,FBgn0036538,23300,-0.00044221290037627385,-0.014926671769167841,13400,0.007925899016833562,-0.006315617780716452,9.0579870928294,7.55221081928969e-20,Syp_to_Imp
