,gene_id,row_coverage,row_mean,row_median,region_coverage,region_mean,region_median,tstatistic,pvalue,comparison_mode
0,FBgn0000547,443409,-8.236203041155017e-05,-0.012596900370554054,10431,0.0819914675957554,0.03877566258985288,56.354466450418094,0.0,Imp_to_Syp
0,FBgn0000547,138111,-7.902295820298915e-05,-0.012043067682933867,10431,0.0819914675957554,0.03877566258985288,56.35217373867782,0.0,Syp_to_Imp
