,gene_id,row_coverage,row_mean,row_median,region_coverage,region_mean,region_median,tstatistic,pvalue,comparison_mode
0,FBgn0016977,477903,-5.6768580359252324e-05,-3.792119007198855e-16,31571,0.002355970572061184,-0.0030927791611698174,5.506507372571899,1.844351214237566e-08,Imp_to_Syp
0,FBgn0016977,259773,-7.35049762365524e-05,-0.0028536953452597547,31571,0.0023559705720611846,-0.0030927791611698174,5.544704244038996,1.4840236630858805e-08,Syp_to_Imp
