,gene_id,row_coverage,row_mean,row_median,region_coverage,region_mean,region_median,tstatistic,pvalue,comparison_mode
0,FBgn0263352,955415,-4.555715863518806e-05,-3.71983626959573e-16,23585,0.006598632758776747,-5.449705865378999e-16,13.096205521352042,2.3689333545947896e-39,Imp_to_Syp
0,FBgn0263352,113791,-5.716324020965778e-05,-0.003857575896624506,23585,0.006598632758776747,-5.449705865378999e-16,13.119081994102844,1.7560007098062012e-39,Syp_to_Imp
