,gene_id,row_coverage,row_mean,row_median,region_coverage,region_mean,region_median,tstatistic,pvalue,comparison_mode
0,FBgn0004921,894631,-6.761645557043536e-05,-4.539161072901866e-16,10827,0.0027943098606541253,-0.006737867205104164,3.9203686682674093,4.447924661493876e-05,Imp_to_Syp
0,FBgn0004921,60237,-5.9986414835021184e-05,-0.0027782377269945993,10827,0.0027943098606541257,-0.006737867205104164,3.909916766530057,4.644560762028639e-05,Syp_to_Imp
