,gene_id,row_coverage,row_mean,row_median,region_coverage,region_mean,region_median,tstatistic,pvalue,comparison_mode
0,FBgn0052672,161240,-0.0002879661575557724,-1.8246351580833879e-16,13900,0.0007708582422482899,-4.0759606312875673e-16,1.3992421947600047,0.08088134163760961,Imp_to_Syp
0,FBgn0052672,29000,-0.00040003714512272396,-2.4881453519475434e-16,13900,0.0007708582422482904,-4.0759606312875673e-16,1.5473446134812978,0.060901468350114556,Syp_to_Imp
