,gene_id,row_coverage,row_mean,row_median,region_coverage,region_mean,region_median,tstatistic,pvalue,comparison_mode
0,FBgn0020653,25764,-0.00010984857663037906,0.0,1976,0.004952865517952093,0.0,4.302735218288091,8.847177245128876e-06,Imp_to_Syp
0,FBgn0020653,8814,-6.936202426581919e-05,0.0,1976,0.004952865517952094,0.0,4.26832622116292,1.031351658930794e-05,Syp_to_Imp
