,gene_id,row_coverage,row_mean,row_median,region_coverage,region_mean,region_median,tstatistic,pvalue,comparison_mode
0,FBgn0283535,546546,-3.5214167391354154e-05,0.0,7098,0.0014483593526494708,0.0,6.603150804109063,2.157887973748583e-11,Imp_to_Syp
0,FBgn0283535,52052,-2.0214836176412596e-06,0.0,7098,0.001448359352649471,0.0,6.455415424911341,5.7518022762940365e-11,Syp_to_Imp
