,gene_id,row_coverage,row_mean,row_median,region_coverage,region_mean,region_median,tstatistic,pvalue,comparison_mode
0,FBgn0021895,1278312,-4.287143772800145e-05,-2.7807501396572287e-18,177576,0.003952138738700905,7.794825158634121e-17,21.586049399890765,1.6500796815475043e-103,Imp_to_Syp
0,FBgn0021895,656548,-4.693781360693137e-05,1.9404316823871747e-17,177576,0.003952138738700909,7.794825158634121e-17,21.60802105621321,1.026888884017293e-103,Syp_to_Imp
