,gene_id,row_coverage,row_mean,row_median,region_coverage,region_mean,region_median,tstatistic,pvalue,comparison_mode
0,FBgn0003261,821355,-4.278466916948379e-05,-0.014943152140631397,109905,0.06976739199449128,0.053069564201398634,237.6471098253142,0.0,Imp_to_Syp
0,FBgn0003261,1388251,-4.0473175596551795e-05,-0.015389142118053117,109905,0.06976739199449127,0.053069564201398634,237.63924106185812,0.0,Syp_to_Imp
