,gene_id,row_coverage,row_mean,row_median,region_coverage,region_mean,region_median,tstatistic,pvalue,comparison_mode
0,FBgn0024183,395289,-0.00011611346731297628,-0.006467202923470611,14465,0.0014309399760648535,-0.002657050612722367,2.239685223940853,0.012563248549798744,Imp_to_Syp
0,FBgn0024183,82665,-0.00011820945597472839,-0.006768551407268994,14465,0.0014309399760648535,-0.002657050612722367,2.2427196083413197,0.012464992402077152,Syp_to_Imp
