,gene_id,row_coverage,row_mean,row_median,region_coverage,region_mean,region_median,tstatistic,pvalue,comparison_mode
0,FBgn0085470,79378,-4.6522638996423536e-05,-3.102973210054005e-16,676,-0.003918355666301253,2.673989329644791e-17,-3.5000630785566558,0.9997521307298671,Imp_to_Syp
0,FBgn0085470,79378,-1.5923162208803233e-05,-5.474767560658237e-17,676,-0.003918355666301254,2.673989329644791e-17,-3.5277244209162606,0.9997762215692104,Syp_to_Imp
