,gene_id,row_coverage,row_mean,row_median,region_coverage,region_mean,region_median,tstatistic,pvalue,comparison_mode
0,FBgn0030268,679040,-8.955731526803605e-05,-1.2912307350927373e-16,15360,0.006141418961517019,-1.4959911581794938e-17,12.009755285773094,2.2208636724298228e-33,Imp_to_Syp
0,FBgn0030268,101856,-3.0284346110422217e-05,-1.4959911581794938e-17,15360,0.00614141896151702,-1.4959911581794938e-17,11.895510932557325,8.672636105240127e-33,Syp_to_Imp
