,gene_id,row_coverage,row_mean,row_median,region_coverage,region_mean,region_median,tstatistic,pvalue,comparison_mode
0,FBgn0039858,749835,-4.72076316536897e-05,-2.594485759827836e-16,37905,0.004657243075293313,-3.551432694712768e-16,11.167280589425275,3.270970164969013e-29,Imp_to_Syp
0,FBgn0039858,349923,-5.588568202329568e-05,-0.009085454418862604,37905,0.004657243075293314,-3.551432694712768e-16,11.187880278843522,2.595501881974973e-29,Syp_to_Imp
