,gene_id,row_coverage,row_mean,row_median,region_coverage,region_mean,region_median,tstatistic,pvalue,comparison_mode
0,FBgn0052479,91002,-3.9099683565924736e-05,-0.006859040405143499,754,0.014483719222185653,-1.7030538433130085e-17,5.272655528837339,8.792425288152745e-08,Imp_to_Syp
0,FBgn0052479,81588,-3.791861423507396e-05,-0.0070096592090857016,754,0.014483719222185653,-1.7030538433130085e-17,5.2722267297331395,8.812263642235303e-08,Syp_to_Imp
