,gene_id,row_coverage,row_mean,row_median,region_coverage,region_mean,region_median,tstatistic,pvalue,comparison_mode
0,FBgn0004432,113507,-0.00034128675692833056,-0.011267814250785727,42593,-0.0004752338969218258,-0.015066191723666633,-0.29052567704807086,0.614292237751224,Imp_to_Syp
0,FBgn0004432,97219,-0.00038988826065813355,-0.013785601067771477,42593,-0.0004752338969218256,-0.015066191723666633,-0.18511107262022627,0.5734286007980917,Syp_to_Imp
