,gene_id,row_coverage,row_mean,row_median,region_coverage,region_mean,region_median,tstatistic,pvalue,comparison_mode
0,FBgn0013272,165912,-0.00011371865915541422,-1.8143572919047654e-16,10230,0.0008866820466522992,-4.1288330622653416e-17,1.6859837165935816,0.04591471670478806,Imp_to_Syp
0,FBgn0013272,49060,-0.00010893486655409066,-1.3705845120325714e-16,10230,0.0008866820466522986,-4.1288330622653416e-17,1.6779215507208765,0.046696481924196884,Syp_to_Imp
