,gene_id,row_coverage,row_mean,row_median,region_coverage,region_mean,region_median,tstatistic,pvalue,comparison_mode
0,FBgn0002719,9594,-0.0005608006270573874,2.1480031700695563e-17,1950,-0.008706777286983885,-0.01809248141080627,-3.5494890664913297,0.9998024374491153,Imp_to_Syp
0,FBgn0002719,27675,-0.0005568439891462027,3.398719691246734e-17,1950,-0.008706777286983889,-0.01809248141080627,-3.5512131130473326,0.9998037188287405,Syp_to_Imp
