,gene_id,row_coverage,row_mean,row_median,region_coverage,region_mean,region_median,tstatistic,pvalue,comparison_mode
0,FBgn0029506,49282,-0.00032836837887623534,-0.005562475444685577,6724,0.0009144677112348636,-2.173177631556977e-16,1.296758377540787,0.09737942003461032,Imp_to_Syp
0,FBgn0029506,49282,-0.00027107878279851146,-0.004135156220972602,6724,0.0009144677112348638,-2.173177631556977e-16,1.2369831873521315,0.10806826514636268,Syp_to_Imp
