,gene_id,row_coverage,row_mean,row_median,region_coverage,region_mean,region_median,tstatistic,pvalue,comparison_mode
0,FBgn0261836,9852618,-4.048012740143975e-06,-0.010052066332748473,24924,0.19910223467825905,0.20584640918079872,320.86607759577305,0.0,Imp_to_Syp
0,FBgn0261836,6078232,-4.012594227945889e-06,-0.009674056958132421,24924,0.19910223467825905,0.20584640918079872,320.86602051771933,0.0,Syp_to_Imp
