,gene_id,row_coverage,row_mean,row_median,region_coverage,region_mean,region_median,tstatistic,pvalue,comparison_mode
0,FBgn0000370,459550,-3.886786298591091e-05,-0.0038623313748676683,7777,0.015932682414262433,-3.439626901234395e-16,14.881700195954096,1.032715165927306e-49,Imp_to_Syp
0,FBgn0000370,350350,-3.557470141978601e-05,-0.006851911946450968,7777,0.015932682414262433,-3.439626901234395e-16,14.878631749731083,1.0798098442282834e-49,Syp_to_Imp
