,gene_id,row_coverage,row_mean,row_median,region_coverage,region_mean,region_median,tstatistic,pvalue,comparison_mode
0,FBgn0000064,1268844,-8.70147715288616e-05,-0.002767579142234855,37668,0.0014440209551762747,-0.008659099280233742,3.106065325564483,0.0009486779857506177,Imp_to_Syp
0,FBgn0000064,179507,-8.964380695250647e-05,-0.0060603072543103376,37668,0.001444020955176274,-0.008659099280233742,3.111398940990058,0.0009317116102732315,Syp_to_Imp
