,gene_id,row_coverage,row_mean,row_median,region_coverage,region_mean,region_median,tstatistic,pvalue,comparison_mode
0,FBgn0263231,328050,-0.00018493479988505298,-2.714452939538977e-16,20250,-0.001763603693802578,-3.198565615125829e-16,-2.983189289862553,0.9985719926825779,Imp_to_Syp
0,FBgn0263231,40500,-0.0001866854790167199,-2.9529682807092153e-16,20250,-0.001763603693802578,-3.198565615125829e-16,-2.97988105514931,0.9985564870609841,Syp_to_Imp
