,gene_id,row_coverage,row_mean,row_median,region_coverage,region_mean,region_median,tstatistic,pvalue,comparison_mode
0,FBgn0030617,331240,-0.0001649807586184627,-0.0034101900535017313,18865,-0.0006154195784128905,3.6251083198838366e-17,-0.8412131237882212,0.7998803936543024,Imp_to_Syp
0,FBgn0030617,104104,-6.251993763529413e-05,-2.7055435171202857e-18,18865,-0.0006154195784128905,3.6251083198838366e-17,-1.03256294422442,0.8490891427658285,Syp_to_Imp
