,gene_id,row_coverage,row_mean,row_median,region_coverage,region_mean,region_median,tstatistic,pvalue,comparison_mode
0,FBgn0027932,305970,-5.7572242776170285e-05,-6.481649068932261e-17,17108,0.0006954284278060535,-6.475138048796607e-17,2.524350991042765,0.005800091639599925,Imp_to_Syp
0,FBgn0027932,48360,-4.3247621132501343e-05,-4.942267241693638e-17,17108,0.0006954284278060533,-6.475138048796607e-17,2.47632929032562,0.006641853629671927,Syp_to_Imp
