,gene_id,row_coverage,row_mean,row_median,region_coverage,region_mean,region_median,tstatistic,pvalue,comparison_mode
0,FBgn0042134,222893,-0.00013085751965888505,-3.280703751851481e-17,7590,-0.0017183095609645815,-3.1438256503021384e-17,-2.7692486533064415,0.9971838899873593,Imp_to_Syp
0,FBgn0042134,26430,-5.378838576473379e-05,-3.1438256503021384e-17,7590,-0.001718309560964581,-3.1438256503021384e-17,-2.9036927748890546,0.9981507339489928,Syp_to_Imp
