,gene_id,row_coverage,row_mean,row_median,region_coverage,region_mean,region_median,tstatistic,pvalue,comparison_mode
0,FBgn0010300,4011528,-1.746380437092822e-05,-0.008919709210058357,196824,0.00037805171542849256,-0.007560751017748418,2.157551645631141,0.015481956858750413,Imp_to_Syp
0,FBgn0010300,3544083,-1.684966202879123e-05,-0.0037606687070669,196824,0.00037805171542849234,-0.007560751017748418,2.1542014766627986,0.015612792478209814,Syp_to_Imp
