,gene_id,row_coverage,row_mean,row_median,region_coverage,region_mean,region_median,tstatistic,pvalue,comparison_mode
0,FBgn0265276,4170794,-2.5967204942751023e-05,0.0,468419,0.0005111463604821502,0.0,5.417849991910673,3.0174799890799096e-08,Imp_to_Syp
0,FBgn0265276,1623454,-2.3159943102667365e-05,0.0,468419,0.0005111463604821503,0.0,5.38953321773731,3.533745018796001e-08,Syp_to_Imp
