,gene_id,row_coverage,row_mean,row_median,region_coverage,region_mean,region_median,tstatistic,pvalue,comparison_mode
0,FBgn0010113,19918244,-9.172443911553925e-06,-2.590523687818054e-16,2087362,-0.00011466848689217268,-2.4299761128423557e-16,-2.2955680727245906,0.9891496556540308,Imp_to_Syp
0,FBgn0010113,14695922,-9.255989652833274e-06,-2.8231141584208346e-16,2087362,-0.00011466848689217307,-2.4299761128423557e-16,-2.2937501378440635,0.9890975230659728,Syp_to_Imp
