,gene_id,row_coverage,row_mean,row_median,region_coverage,region_mean,region_median,tstatistic,pvalue,comparison_mode
0,FBgn0286203,1376969,-3.472684978325555e-06,0.0,7701,0.0007703917069312793,0.0,1.783847743214778,0.03724388934483981,Imp_to_Syp
0,FBgn0286203,465069,-5.062392683854731e-06,0.0,7701,0.0007703917069312792,0.0,1.7875122050152252,0.03694702849682298,Syp_to_Imp
