,gene_id,row_coverage,row_mean,row_median,region_coverage,region_mean,region_median,tstatistic,pvalue,comparison_mode
0,FBgn0001105,1311052,-4.5793108335158634e-05,-0.0018930094797336983,129204,0.007899825833221725,-1.3006171971315595e-16,29.654818566361946,6.541265596181019e-193,Imp_to_Syp
0,FBgn0001105,1125207,-4.722893578439577e-05,-0.006185928250504492,129204,0.007899825833221727,-1.3006171971315595e-16,29.66017739401438,5.5850690772365405e-193,Syp_to_Imp
