,gene_id,row_coverage,row_mean,row_median,region_coverage,region_mean,region_median,tstatistic,pvalue,comparison_mode
0,FBgn0010228,107146,-0.00021200560521656496,-4.335571190046317e-16,4901,-0.006730443357791656,-0.008480600740953165,-6.113356900832505,0.999999999474404,Imp_to_Syp
0,FBgn0010228,18386,-0.0001637984260564383,-3.8911265873825745e-16,4901,-0.006730443357791655,-0.008480600740953165,-6.158568300031922,0.9999999996036617,Syp_to_Imp
