,gene_id,row_coverage,row_mean,row_median,region_coverage,region_mean,region_median,tstatistic,pvalue,comparison_mode
0,FBgn0082598,194880,-0.0001289116498862739,-0.005458925927070645,14442,-0.001752007075000488,-0.009628309426580231,-2.560269425281657,0.9947654075327744,Imp_to_Syp
0,FBgn0082598,92960,-0.0001356634576944972,-0.01132855105718063,14442,-0.0017520070750004883,-0.009628309426580231,-2.5496191290456522,0.9946028463216828,Syp_to_Imp
