,gene_id,row_coverage,row_mean,row_median,region_coverage,region_mean,region_median,tstatistic,pvalue,comparison_mode
0,FBgn0036111,284550,-0.00016586871172837164,-0.01183363221983072,60480,-0.007891900842029818,-0.019327448221198307,-20.946510288671636,1.0,Imp_to_Syp
0,FBgn0036111,390240,-0.00016576980816822098,-0.013185595835152795,60480,-0.007891900842029818,-0.019327448221198307,-20.94677843206081,1.0,Syp_to_Imp
