,gene_id,row_coverage,row_mean,row_median,region_coverage,region_mean,region_median,tstatistic,pvalue,comparison_mode
0,FBgn0029676,76855,-6.230969934511565e-05,0.0,2565,0.008514051513612947,0.0,5.924655928568059,1.7744715827819397e-09,Imp_to_Syp
0,FBgn0029676,21843,-0.00010708951498152641,0.0,2565,0.008514051513612947,0.0,5.955590376593592,1.4730953265846359e-09,Syp_to_Imp
