,gene_id,row_coverage,row_mean,row_median,region_coverage,region_mean,region_median,tstatistic,pvalue,comparison_mode
0,FBgn0005648,223278,-0.00010495844910493076,-2.67443328741511e-16,13277,0.00303926497548128,3.789954302817577e-17,5.835387898476213,2.7458826974276235e-09,Imp_to_Syp
0,FBgn0005648,84774,-6.139696023096627e-05,-6.267566994471017e-17,13277,0.0030392649754812807,3.789954302817577e-17,5.75454180368949,4.4397952811198015e-09,Syp_to_Imp
