,gene_id,row_coverage,row_mean,row_median,region_coverage,region_mean,region_median,tstatistic,pvalue,comparison_mode
0,FBgn0011224,3232352,-2.8844654461731316e-05,-2.5259350379868247e-16,17928,-0.010142607140328686,-0.01618983415477399,-16.891878432704107,1.0,Imp_to_Syp
0,FBgn0011224,131436,-4.099436754576e-05,-3.3115781648264025e-17,17928,-0.010142607140328688,-0.01618983415477399,-16.871586135283202,1.0,Syp_to_Imp
