,gene_id,row_coverage,row_mean,row_median,region_coverage,region_mean,region_median,tstatistic,pvalue,comparison_mode
0,FBgn0004924,320872,-7.676158392997639e-05,-0.006798603927536118,4104,0.031803036795975764,0.0,16.755374395586138,2.6437784957632377e-61,Imp_to_Syp
0,FBgn0004924,56997,-8.323328858187417e-05,-0.013173779117790291,4104,0.031803036795975764,0.0,16.758775792079554,2.505965365504972e-61,Syp_to_Imp
