,gene_id,row_coverage,row_mean,row_median,region_coverage,region_mean,region_median,tstatistic,pvalue,comparison_mode
0,FBgn0030340,13583,-0.0002780460875757528,-2.443837368470935e-16,1410,0.006792845055927749,-5.975438741088976e-17,3.6611283308009916,0.00013019504235995533,Imp_to_Syp
0,FBgn0030340,8670,-0.00021383522254467984,-1.172285886693077e-16,1410,0.006792845055927747,-5.975438741088976e-17,3.6278815713276127,0.00014798013975199636,Syp_to_Imp
