,gene_id,row_coverage,row_mean,row_median,region_coverage,region_mean,region_median,tstatistic,pvalue,comparison_mode
0,FBgn0015222,179800,-0.00018634247731758618,-2.0138763462766262e-16,6448,0.026169713332114226,2.961480780791711e-16,29.235223926573052,7.569528529142005e-177,Imp_to_Syp
0,FBgn0015222,18850,-0.00020587513474206134,-2.908746952576231e-16,6448,0.026169713332114226,2.961480780791711e-16,29.256890355640227,4.323399414859497e-177,Syp_to_Imp
