,gene_id,row_coverage,row_mean,row_median,region_coverage,region_mean,region_median,tstatistic,pvalue,comparison_mode
0,FBgn0011766,361790,-0.00013237611715411269,-0.009384449839504594,40326,0.003029104281163069,-0.008543580619695679,7.453105735330927,4.649542082911585e-14,Imp_to_Syp
0,FBgn0011766,178365,-0.0001320316867371508,-0.009673786879890626,40326,0.0030291042811630676,-0.008543580619695679,7.452293749807481,4.678217168098691e-14,Syp_to_Imp
