,gene_id,row_coverage,row_mean,row_median,region_coverage,region_mean,region_median,tstatistic,pvalue,comparison_mode
0,FBgn0015737,12852,-0.00011416392677287381,-1.4295867786087916e-16,756,0.002970623277924632,-2.498684951715648e-16,2.1676916083048012,0.015246993311650942,Imp_to_Syp
0,FBgn0015737,12393,-0.0001502128569058193,-1.0284685730431946e-16,756,0.0029706232779246316,-2.498684951715648e-16,2.193023327529568,0.014305019983630691,Syp_to_Imp
