,gene_id,row_coverage,row_mean,row_median,region_coverage,region_mean,region_median,tstatistic,pvalue,comparison_mode
0,FBgn0015777,319792,-0.00022549685997074625,-0.00982244934858545,79120,-0.00017952519690021408,-0.01061992814986154,0.1552435081388679,0.4383148727663221,Imp_to_Syp
0,FBgn0015777,186835,-0.00022318034182649733,-0.010189891896848345,79120,-0.00017952519690021425,-0.01061992814986154,0.14742076735986204,0.4414001451331844,Syp_to_Imp
