,gene_id,row_coverage,row_mean,row_median,region_coverage,region_mean,region_median,tstatistic,pvalue,comparison_mode
0,FBgn0022382,858762,-3.6983676438874764e-05,-6.560681913425876e-17,7290,-0.006622490006505744,-3.7476773049472267e-16,-10.645329154628827,1.0,Imp_to_Syp
0,FBgn0022382,106020,-2.3535913799531107e-05,-3.473939565263908e-16,7290,-0.006622490006505745,-3.7476773049472267e-16,-10.667067173319287,1.0,Syp_to_Imp
