,gene_id,row_coverage,row_mean,row_median,region_coverage,region_mean,region_median,tstatistic,pvalue,comparison_mode
0,FBgn0027556,174418,-4.7096687161556075e-05,-0.013409801264013262,1924,0.015474168945835708,-2.2100637435934267e-16,9.044395001146945,1.7902256501439816e-19,Imp_to_Syp
0,FBgn0027556,61282,-8.355923549340846e-05,-0.022689630752847356,1924,0.015474168945835708,-2.2100637435934267e-16,9.065642088701493,1.4853051263595713e-19,Syp_to_Imp
