,gene_id,row_coverage,row_mean,row_median,region_coverage,region_mean,region_median,tstatistic,pvalue,comparison_mode
0,FBgn0017581,867425,-5.532367430633604e-05,0.0,22100,-0.003156492912921889,0.0,-7.085024314680735,0.999999999999284,Imp_to_Syp
0,FBgn0017581,106132,-3.2463055697741345e-05,0.0,22100,-0.003156492912921889,0.0,-7.137252370045697,0.9999999999995092,Syp_to_Imp
