,gene_id,row_coverage,row_mean,row_median,region_coverage,region_mean,region_median,tstatistic,pvalue,comparison_mode
0,FBgn0027291,93631,-0.00016828982249541397,-3.727137167050738e-16,3270,-0.013064532108967115,-0.02363104625411315,-9.434917991214771,1.0,Imp_to_Syp
0,FBgn0027291,25770,-0.0001915485948646432,-0.0161639746549492,3270,-0.013064532108967112,-0.02363104625411315,-9.417901824411654,1.0,Syp_to_Imp
