,gene_id,row_coverage,row_mean,row_median,region_coverage,region_mean,region_median,tstatistic,pvalue,comparison_mode
0,FBgn0003165,925002,-1.9218490731707394e-05,-1.6567129777481025e-16,43416,0.0016508044965900352,-1.4953003150280648e-16,5.172872107236318,1.1577257594722988e-07,Imp_to_Syp
0,FBgn0003165,994032,-3.0857046664720895e-05,-2.7787184680425163e-16,43416,0.0016508044965900354,-1.4953003150280648e-16,5.208922366311464,9.540294652235204e-08,Syp_to_Imp
