,gene_id,row_coverage,row_mean,row_median,region_coverage,region_mean,region_median,tstatistic,pvalue,comparison_mode
0,FBgn0014388,366009,-0.00010832118508777827,-0.012756121539372917,11571,0.008551430073852846,-0.0055641305204743585,10.4218513073833,1.2754065541709534e-25,Imp_to_Syp
0,FBgn0014388,102771,-0.00010424810837189588,-0.011135184465303996,11571,0.008551430073852846,-0.0055641305204743585,10.416949434497209,1.3422167957949652e-25,Syp_to_Imp
