,gene_id,row_coverage,row_mean,row_median,region_coverage,region_mean,region_median,tstatistic,pvalue,comparison_mode
0,FBgn0052062,38986640,-1.1217311151491692e-06,-0.0008658128888418132,11165,0.0444012284818217,0.0056189408965809234,58.26226015110426,0.0,Imp_to_Syp
0,FBgn0052062,2936656,-9.401555769649898e-07,-0.013777413364921741,11165,0.0444012284818217,0.0056189408965809234,58.26202189792189,0.0,Syp_to_Imp
