,gene_id,row_coverage,row_mean,row_median,region_coverage,region_mean,region_median,tstatistic,pvalue,comparison_mode
0,FBgn0085446,11005120,-3.6550257545201754e-06,-0.013600904171391863,9280,0.019957162275444036,0.0028692392877778805,21.752995912716273,1.1348510986065808e-102,Imp_to_Syp
0,FBgn0085446,997339,-3.615882548683732e-06,-0.00885586202149699,9280,0.019957162275444033,0.0028692392877778805,21.752953255044307,1.1358556185498872e-102,Syp_to_Imp
