,gene_id,row_coverage,row_mean,row_median,region_coverage,region_mean,region_median,tstatistic,pvalue,comparison_mode
0,FBgn0266410,7207200,-2.521296549579732e-05,-3.9695688837143617e-16,36540,0.0030853707398140716,-0.0006145522175871193,6.74517652409393,7.755747225009987e-12,Imp_to_Syp
0,FBgn0266410,165880,-3.1388041330406205e-05,-5.31168842340849e-16,36540,0.0030853707398140725,-0.0006145522175871193,6.758566929400501,7.072644904560593e-12,Syp_to_Imp
