,gene_id,row_coverage,row_mean,row_median,region_coverage,region_mean,region_median,tstatistic,pvalue,comparison_mode
0,FBgn0086758,11065780,-2.6064246849069706e-06,-0.019838723582052048,121392,0.06256024149331953,0.05695972597824768,262.8500408100909,0.0,Imp_to_Syp
0,FBgn0086758,17012160,-2.632386509015481e-06,-0.01620553449581206,121392,0.06256024149331953,0.05695972597824768,262.85014988547283,0.0,Syp_to_Imp
