,gene_id,row_coverage,row_mean,row_median,region_coverage,region_mean,region_median,tstatistic,pvalue,comparison_mode
0,FBgn0265487,4686754,-1.1903539036630708e-06,-6.202051768994878e-17,8690,0.006449532322294367,-6.640944027785417e-17,9.540353283891925,9.065008335691048e-22,Imp_to_Syp
0,FBgn0265487,6525860,-1.9033457983137278e-06,-1.1384431713771233e-16,8690,0.006449532322294368,-6.640944027785417e-17,9.541407769552675,8.974240218929292e-22,Syp_to_Imp
