,gene_id,row_coverage,row_mean,row_median,region_coverage,region_mean,region_median,tstatistic,pvalue,comparison_mode
0,FBgn0015218,413292,-4.4846073589648566e-05,-1.4750911881423942e-16,8181,0.0013521231117315112,-4.7182713976834157e-17,2.1918897091183873,0.01420777893507695,Imp_to_Syp
0,FBgn0015218,36828,-4.308711857388133e-05,-4.804342770815467e-17,8181,0.0013521231117315108,-4.7182713976834157e-17,2.189129851965936,0.01430778291080657,Syp_to_Imp
