,gene_id,row_coverage,row_mean,row_median,region_coverage,region_mean,region_median,tstatistic,pvalue,comparison_mode
0,FBgn0267033,8712592,-1.273219251999528e-06,-0.01018401809801191,8232,0.039256333101943895,5.0199750468706e-19,41.800402802475126,0.0,Imp_to_Syp
0,FBgn0267033,7467936,-6.062486029950613e-07,-1.2041400989137192e-16,8232,0.03925633310194388,5.0199750468706e-19,41.79969263075557,0.0,Syp_to_Imp
