,gene_id,row_coverage,row_mean,row_median,region_coverage,region_mean,region_median,tstatistic,pvalue,comparison_mode
0,FBgn0011217,113584,-0.0001979043894317118,-1.5820168412635822e-16,3348,0.01578997397161577,1.2703917610494272e-16,8.4008896663308,3.230870813610777e-17,Imp_to_Syp
0,FBgn0011217,24732,-0.00025270542124205544,-0.002694909332977183,3348,0.01578997397161577,1.2703917610494272e-16,8.429685070664211,2.5400671248156937e-17,Syp_to_Imp
