,gene_id,row_coverage,row_mean,row_median,region_coverage,region_mean,region_median,tstatistic,pvalue,comparison_mode
0,FBgn0263352,3965160,-3.357046155502615e-05,-0.004535869545796073,24830,-0.0006583086911538228,-8.64043871943542e-17,-1.7214096050896883,0.9574055105015864,Imp_to_Syp
0,FBgn0263352,107952,-1.5939312127541608e-05,-8.21993356336524e-17,24830,-0.0006583086911538228,-8.64043871943542e-17,-1.769990640370232,0.9616295149507286,Syp_to_Imp
