,gene_id,row_coverage,row_mean,row_median,region_coverage,region_mean,region_median,tstatistic,pvalue,comparison_mode
0,FBgn0031453,72750,-0.0001868094545552245,-0.003471638481642406,2100,0.02603338481501615,0.015781300394302852,11.202155456732681,1.2439820756795582e-28,Imp_to_Syp
0,FBgn0031453,27160,-0.00019174803269381645,-0.001701718830557003,2100,0.026033384815016148,0.015781300394302852,11.20426538465598,1.2163304583017772e-28,Syp_to_Imp
