,gene_id,row_coverage,row_mean,row_median,region_coverage,region_mean,region_median,tstatistic,pvalue,comparison_mode
0,FBgn0038826,5953060,-2.8397735439579267e-06,-5.618879095573304e-17,84660,0.002058046091214263,-9.142673737168264e-17,9.19185374895488,1.9727255583046284e-20,Imp_to_Syp
0,FBgn0038826,17438964,-2.864460093283206e-06,-1.1035779997430343e-16,84660,0.0020580460912142627,-9.142673737168264e-17,9.191963854591899,1.9707089444012356e-20,Syp_to_Imp
