,gene_id,row_coverage,row_mean,row_median,region_coverage,region_mean,region_median,tstatistic,pvalue,comparison_mode
0,FBgn0026160,2658502,-2.814318059862809e-06,-1.386894040896952e-16,2156,0.012436162458912832,-8.692674454920875e-17,7.070087652737997,1.0417168937127702e-12,Imp_to_Syp
0,FBgn0026160,966728,-4.796979528893602e-06,-0.0054331248638880905,2156,0.01243616245891283,-8.692674454920875e-17,7.071214561375504,1.0334812328889863e-12,Syp_to_Imp
