,gene_id,row_coverage,row_mean,row_median,region_coverage,region_mean,region_median,tstatistic,pvalue,comparison_mode
0,FBgn0285926,6830120,-1.1177014870644384e-05,-1.4909343101241516e-16,77254,0.031227811274574892,3.3458582192642204e-18,78.10564689145382,0.0,Imp_to_Syp
0,FBgn0285926,4048880,-1.0642793748605374e-05,-1.2667913895639754e-16,77254,0.031227811274574892,3.3458582192642204e-18,78.10431119882723,0.0,Syp_to_Imp
